Lan_Go,Key,Event_Type,Dwell_Time_ms,Flight_Time_ms,Timestamp
1,k,KeyDown,,0,1778392859482.77
1,k,KeyUp,81.77,,1778392859564.54
1,h,KeyDown,,118.52,1778392859683.07
1,h,KeyUp,75.31,,1778392859758.37
1,o,KeyDown,,84.99,1778392859843.36
1,o,KeyUp,70.29,,1778392859913.66
1,a,KeyDown,,118.61,1778392860032.26
1,a,KeyUp,101.07,,1778392860133.34
1,space,KeyDown,,44.36,1778392860177.69
1,space,KeyUp,70.35,,1778392860248.04
1,c,KeyDown,,119.1,1778392860367.14
1,o,KeyDown,,179.11,1778392860427.15
1,c,KeyUp,75.13,,1778392860442.28
1,o,KeyUp,65.66,,1778392860492.81
1,BackSpace,KeyDown,,86.32,1778392860579.13
1,BackSpace,KeyUp,0.42,,1778392860579.54
1,??,KeyDown,,1.74,1778392860581.28
1,??,KeyUp,0.31,,1778392860581.59
1,??,KeyDown,,0.15,1778392860581.74
1,n,KeyDown,,85.53,1778392860742.71
1,n,KeyUp,49.79,,1778392860792.5
1,g,KeyDown,,130.35,1778392860922.84
1,g,KeyUp,84.55,,1778392861007.39
1,space,KeyDown,,40.34,1778392861047.73
1,space,KeyUp,69.67,,1778392861117.4
1,n,KeyDown,,135.45,1778392861252.85
1,n,KeyUp,64.5,,1778392861317.35
1,g,KeyDown,,135.14,1778392861452.49
1,g,KeyUp,65.06,,1778392861517.55
1,h,KeyDown,,110.48,1778392861628.03
1,h,KeyUp,69.4,,1778392861697.43
1,j,KeyDown,,129.73,1778392861827.16
1,e,KeyDown,,139.87,1778392861837.31
1,j,KeyUp,79.58,,1778392861906.74
1,e,KeyUp,80.0,,1778392861917.3
1,e,KeyDown,,94.67,1778392862011.97
1,e,KeyUp,75.24,,1778392862087.21
1,space,KeyDown,,34.13,1778392862121.35
1,space,KeyUp,55.57,,1778392862176.91
1,BackSpace,KeyDown,,395.66,1778392862572.57
1,BackSpace,KeyUp,15.0,,1778392862587.57
1,BackSpace,KeyDown,,139.0,1778392862726.56
1,BackSpace,KeyUp,70.22,,1778392862796.78
1,BackSpace,KeyDown,,74.63,1778392862871.41
1,BackSpace,KeyUp,80.22,,1778392862951.62
1,BackSpace,KeyDown,,79.67,1778392863031.3
1,BackSpace,KeyUp,89.63,,1778392863120.92
1,e,KeyDown,,70.47,1778392863191.39
1,e,KeyUp,54.78,,1778392863246.18
1,BackSpace,KeyDown,,115.01,1778392863361.19
1,BackSpace,KeyUp,0.48,,1778392863361.66
1,??,KeyUp,2782.06,,1778392863363.8
1,??,KeyDown,,0.15,1778392863363.96
1,BackSpace,KeyDown,,60.21,1778392863485.68
1,BackSpace,KeyUp,0.17,,1778392863485.85
1,??,KeyUp,123.04,,1778392863486.99
1,??,KeyDown,,0.06,1778392863487.05
1,??,KeyUp,0.07,,1778392863487.12
1,space,KeyDown,,64.96,1778392863635.85
1,space,KeyUp,69.03,,1778392863704.88
1,t,KeyDown,,120.76,1778392863825.64
1,t,KeyUp,90.31,,1778392863915.95
1,h,KeyDown,,94.79,1778392864010.74
1,h,KeyUp,75.49,,1778392864086.22
1,o,KeyDown,,99.65,1778392864185.88
1,o,KeyUp,9.97,,1778392864195.85
1,BackSpace,KeyDown,,120.29,1778392864316.14
1,BackSpace,KeyUp,0.59,,1778392864316.73
1,??,KeyDown,,2.16,1778392864318.89
1,??,KeyUp,0.33,,1778392864319.22
1,??,KeyDown,,0.16,1778392864319.38
1,n,KeyDown,,74.61,1778392864490.05
1,n,KeyUp,76.22,,1778392864566.28
1,g,KeyDown,,104.24,1778392864670.52
1,g,KeyUp,80.74,,1778392864751.26
1,space,KeyDown,,48.57,1778392864799.83
1,space,KeyUp,60.63,,1778392864860.46
1,t,KeyDown,,94.61,1778392864955.07
1,t,KeyUp,80.22,,1778392865035.28
1,i,KeyDown,,115.1,1778392865150.38
1,i,KeyUp,95.06,,1778392865245.45
1,n,KeyDown,,54.03,1778392865299.48
1,n,KeyUp,70.54,,1778392865370.02
1,space,KeyDown,,104.25,1778392865474.26
1,space,KeyUp,76.45,,1778392865550.72
1,??,KeyUp,1316.45,,1778392865635.82
1,??,KeyDown,,0.16,1778392865635.98
1,??,KeyUp,133.87,,1778392865769.85
1,??,KeyDown,,0.17,1778392865770.02
1,??,KeyUp,74.39,,1778392865844.4
1,??,KeyDown,,40.0,1778392865884.41
1,??,KeyUp,0.45,,1778392865884.85
1,??,KeyDown,,0.16,1778392865885.01
1,??,KeyUp,189.44,,1778392866074.46
1,??,KeyDown,,0.17,1778392866074.62
1,??,KeyUp,79.5,,1778392866154.12
1,Return,KeyDown,,269.27,1778392866423.4
1,Return,KeyUp,75.81,,1778392866499.21
2,k,KeyDown,,0,1778392866703.72
2,k,KeyUp,75.3,,1778392866779.01
2,h,KeyDown,,129.76,1778392866908.77
2,h,KeyUp,69.73,,1778392866978.5
2,o,KeyDown,,69.59,1778392867048.09
2,o,KeyUp,90.84,,1778392867138.93
2,a,KeyDown,,5.0,1778392867143.93
2,a,KeyUp,79.16,,1778392867223.09
2,space,KeyDown,,45.27,1778392867268.36
2,space,KeyUp,54.77,,1778392867323.12
2,c,KeyDown,,44.97,1778392867368.09
2,c,KeyUp,69.31,,1778392867437.39
2,o,KeyDown,,30.48,1778392867467.88
2,o,KeyUp,65.26,,1778392867533.14
2,BackSpace,KeyDown,,66.18,1778392867599.32
2,BackSpace,KeyUp,0.4,,1778392867599.72
2,??,KeyDown,,1.94,1778392867601.66
2,??,KeyUp,0.31,,1778392867601.97
2,??,KeyDown,,0.15,1778392867602.12
2,n,KeyDown,,74.34,1778392867762.38
2,n,KeyUp,70.28,,1778392867832.66
2,g,KeyDown,,109.82,1778392867942.48
2,g,KeyUp,95.3,,1778392868037.78
2,space,KeyDown,,54.89,1778392868092.67
2,space,KeyUp,75.31,,1778392868167.97
2,n,KeyDown,,400.33,1778392868568.3
2,n,KeyUp,59.96,,1778392868628.26
2,g,KeyDown,,114.39,1778392868742.65
2,g,KeyUp,59.86,,1778392868802.51
2,h,KeyDown,,104.61,1778392868907.11
2,h,KeyUp,80.44,,1778392868987.55
2,e,KeyDown,,39.79,1778392869027.35
2,e,KeyUp,59.83,,1778392869087.17
2,BackSpace,KeyDown,,70.46,1778392869157.63
2,BackSpace,KeyUp,0.48,,1778392869158.11
2,??,KeyUp,1558.02,,1778392869160.13
2,??,KeyDown,,0.16,1778392869160.3
2,??,KeyUp,0.21,,1778392869160.5
2,BackSpace,KeyDown,,21.83,1778392869182.34
2,BackSpace,KeyUp,0.48,,1778392869182.82
2,??,KeyDown,,1.03,1778392869183.85
2,??,KeyUp,0.12,,1778392869183.97
2,??,KeyDown,,0.05,1778392869184.02
2,??,KeyUp,0.09,,1778392869184.12
2,space,KeyDown,,100.34,1778392869356.73
2,space,KeyUp,65.16,,1778392869421.9
2,t,KeyDown,,210.84,1778392869632.73
2,t,KeyUp,79.22,,1778392869711.95
2,h,KeyDown,,104.51,1778392869816.46
2,h,KeyUp,70.09,,1778392869886.55
2,o,KeyDown,,125.12,1778392870011.66
2,o,KeyUp,59.99,,1778392870071.66
2,BackSpace,KeyDown,,89.99,1778392870161.64
2,BackSpace,KeyUp,0.35,,1778392870161.99
2,??,KeyDown,,1.34,1778392870163.33
2,??,KeyUp,0.18,,1778392870163.52
2,??,KeyDown,,0.08,1778392870163.6
2,n,KeyDown,,85.24,1778392870326.47
2,n,KeyUp,65.19,,1778392870391.66
2,g,KeyDown,,104.26,1778392870495.92
2,g,KeyUp,65.35,,1778392870561.27
2,space,KeyDown,,14.69,1778392870575.96
2,space,KeyUp,80.05,,1778392870656.01
2,t,KeyDown,,99.88,1778392870755.89
2,t,KeyUp,75.48,,1778392870831.37
2,i,KeyDown,,140.28,1778392870971.65
2,i,KeyUp,84.04,,1778392871055.69
2,n,KeyDown,,65.31,1778392871121.01
2,n,KeyUp,59.81,,1778392871180.81
2,space,KeyDown,,110.13,1778392871290.95
2,space,KeyUp,85.33,,1778392871376.28
2,Return,KeyDown,,438.59,1778392871814.87
2,Return,KeyUp,60.7,,1778392871875.58
3,k,KeyDown,,0,1778392872355.12
3,k,KeyUp,64.76,,1778392872419.88
3,h,KeyDown,,126.26,1778392872546.14
3,h,KeyUp,59.36,,1778392872605.5
3,o,KeyDown,,79.14,1778392872684.64
3,o,KeyUp,75.5,,1778392872760.14
3,a,KeyDown,,4.67,1778392872764.81
3,a,KeyUp,54.98,,1778392872819.79
3,space,KeyDown,,55.08,1778392872874.86
3,space,KeyUp,59.82,,1778392872934.69
3,c,KeyDown,,39.65,1778392872974.34
3,c,KeyUp,80.72,,1778392873055.05
3,o,KeyDown,,19.9,1778392873074.95
3,o,KeyUp,54.66,,1778392873129.61
3,BackSpace,KeyDown,,75.97,1778392873205.58
3,BackSpace,KeyUp,0.44,,1778392873206.03
3,??,KeyUp,3044.69,,1778392873208.29
3,??,KeyDown,,0.18,1778392873208.46
3,n,KeyDown,,49.81,1778392873349.14
3,n,KeyUp,75.79,,1778392873424.93
3,g,KeyDown,,104.48,1778392873529.42
3,g,KeyUp,95.84,,1778392873625.25
3,space,KeyDown,,39.13,1778392873664.38
3,space,KeyUp,69.64,,1778392873734.02
3,n,KeyDown,,99.93,1778392873833.95
3,n,KeyUp,70.74,,1778392873904.7
3,g,KeyDown,,128.55,1778392874033.25
3,g,KeyUp,66.03,,1778392874099.28
3,h,KeyDown,,104.69,1778392874203.97
3,h,KeyUp,79.82,,1778392874283.79
3,e,KeyDown,,69.53,1778392874353.31
3,e,KeyUp,59.93,,1778392874413.24
3,BackSpace,KeyDown,,65.48,1778392874478.72
3,BackSpace,KeyUp,0.17,,1778392874478.89
3,??,KeyUp,1271.99,,1778392874480.45
3,??,KeyDown,,0.14,1778392874480.6
3,??,KeyUp,0.19,,1778392874480.79
3,BackSpace,KeyDown,,38.71,1778392874519.5
3,BackSpace,KeyUp,0.38,,1778392874519.88
3,??,KeyDown,,1.41,1778392874521.28
3,??,KeyUp,0.31,,1778392874521.6
3,??,KeyDown,,0.1,1778392874521.69
3,??,KeyUp,0.08,,1778392874521.77
3,space,KeyDown,,109.01,1778392874678.24
3,space,KeyUp,60.43,,1778392874738.67
3,t,KeyDown,,174.88,1778392874913.55
3,t,KeyUp,65.09,,1778392874978.64
3,h,KeyDown,,104.79,1778392875083.43
3,h,KeyUp,70.42,,1778392875153.85
3,o,KeyDown,,104.41,1778392875258.26
3,o,KeyUp,59.74,,1778392875318.0
3,BackSpace,KeyDown,,80.98,1778392875398.99
3,BackSpace,KeyUp,0.49,,1778392875399.48
3,??,KeyDown,,1.81,1778392875401.29
3,??,KeyUp,0.35,,1778392875401.64
3,??,KeyDown,,0.18,1778392875401.81
3,n,KeyDown,,73.74,1778392875541.52
3,n,KeyUp,67.67,,1778392875609.19
3,g,KeyDown,,118.62,1778392875727.82
3,g,KeyUp,80.4,,1778392875808.22
3,space,KeyDown,,49.76,1778392875857.98
3,space,KeyUp,64.7,,1778392875922.68
3,t,KeyDown,,105.13,1778392876027.81
3,t,KeyUp,69.88,,1778392876097.69
3,i,KeyDown,,134.71,1778392876232.4
3,i,KeyUp,94.29,,1778392876326.69
3,n,KeyDown,,49.93,1778392876376.62
3,n,KeyUp,60.42,,1778392876437.04
3,Return,KeyDown,,224.48,1778392876661.53
3,Return,KeyUp,9.81,,1778392876671.34
4,k,KeyDown,,0,1778392877121.73
4,k,KeyUp,65.05,,1778392877186.78
4,h,KeyDown,,110.27,1778392877297.05
4,h,KeyUp,69.71,,1778392877366.76
4,o,KeyDown,,64.68,1778392877431.45
4,o,KeyUp,84.42,,1778392877515.87
4,a,KeyDown,,5.04,1778392877520.91
4,a,KeyUp,80.62,,1778392877601.53
4,space,KeyDown,,44.93,1778392877646.45
4,space,KeyUp,69.77,,1778392877716.22
4,c,KeyDown,,135.3,1778392877851.52
4,c,KeyUp,80.14,,1778392877931.66
4,o,KeyDown,,19.79,1778392877951.45
4,o,KeyUp,70.12,,1778392878021.57
4,BackSpace,KeyDown,,70.18,1778392878091.75
4,BackSpace,KeyUp,0.46,,1778392878092.21
4,??,KeyUp,2692.95,,1778392878094.77
4,??,KeyDown,,0.17,1778392878094.93
4,n,KeyDown,,90.09,1778392878255.91
4,n,KeyUp,70.71,,1778392878326.62
4,g,KeyDown,,109.8,1778392878436.42
4,g,KeyUp,84.42,,1778392878520.84
4,space,KeyDown,,65.81,1778392878586.64
4,space,KeyUp,74.46,,1778392878661.11
4,n,KeyDown,,204.88,1778392878865.98
4,n,KeyUp,65.26,,1778392878931.24
4,g,KeyDown,,139.55,1778392879070.79
4,g,KeyUp,54.75,,1778392879125.54
4,h,KeyDown,,105.38,1778392879230.92
4,h,KeyUp,89.85,,1778392879320.77
4,e,KeyDown,,14.94,1778392879335.71
4,e,KeyUp,64.87,,1778392879400.57
4,BackSpace,KeyDown,,49.4,1778392879449.98
4,BackSpace,KeyUp,0.19,,1778392879450.17
4,??,KeyUp,1356.92,,1778392879451.85
4,??,KeyDown,,0.04,1778392879451.9
4,??,KeyUp,0.06,,1778392879451.95
4,BackSpace,KeyDown,,43.85,1778392879495.81
4,BackSpace,KeyUp,0.46,,1778392879496.27
4,??,KeyDown,,1.88,1778392879498.14
4,??,KeyUp,0.29,,1778392879498.44
4,??,KeyDown,,0.16,1778392879498.6
4,??,KeyUp,0.2,,1778392879498.79
4,space,KeyDown,,66.01,1778392879621.45
4,space,KeyUp,68.78,,1778392879690.23
4,t,KeyDown,,164.86,1778392879855.09
4,t,KeyUp,80.51,,1778392879935.6
4,h,KeyDown,,89.69,1778392880025.29
4,h,KeyUp,74.86,,1778392880100.16
4,o,KeyDown,,104.13,1778392880204.29
4,o,KeyUp,10.04,,1778392880214.33
4,BackSpace,KeyDown,,146.33,1778392880360.66
4,BackSpace,KeyUp,0.87,,1778392880361.53
4,??,KeyDown,,1.79,1778392880363.33
4,??,KeyUp,0.35,,1778392880363.68
4,??,KeyDown,,0.17,1778392880363.85
4,n,KeyDown,,65.17,1778392880514.76
4,n,KeyUp,70.21,,1778392880584.97
4,g,KeyDown,,103.91,1778392880688.88
4,g,KeyUp,89.79,,1778392880778.67
4,space,KeyDown,,19.95,1778392880798.62
4,space,KeyUp,76.05,,1778392880874.66
4,t,KeyDown,,84.46,1778392880959.12
4,t,KeyUp,69.4,,1778392881028.52
4,i,KeyDown,,135.42,1778392881163.94
4,i,KeyUp,110.52,,1778392881274.46
4,n,KeyDown,,49.34,1778392881323.8
4,n,KeyUp,60.09,,1778392881383.89
4,Return,KeyDown,,254.5,1778392881638.39
4,Return,KeyUp,66.1,,1778392881704.49
5,k,KeyDown,,0,1778392882184.4
5,k,KeyUp,69.26,,1778392882253.66
5,h,KeyDown,,139.85,1778392882393.51
5,h,KeyUp,70.18,,1778392882463.68
5,o,KeyDown,,72.85,1778392882536.53
5,o,KeyUp,87.84,,1778392882624.37
5,a,KeyDown,,24.11,1778392882648.48
5,a,KeyUp,89.81,,1778392882738.29
5,space,KeyDown,,49.84,1778392882788.13
5,space,KeyUp,64.98,,1778392882853.11
5,c,KeyDown,,145.02,1778392882998.14
5,c,KeyUp,65.2,,1778392883063.34
5,o,KeyDown,,29.79,1778392883093.13
5,o,KeyUp,45.16,,1778392883138.28
5,BackSpace,KeyDown,,100.61,1778392883238.89
5,BackSpace,KeyUp,0.45,,1778392883239.34
5,??,KeyUp,2878.22,,1778392883242.07
5,??,KeyDown,,0.18,1778392883242.25
5,n,KeyDown,,70.47,1778392883392.86
5,n,KeyUp,75.16,,1778392883468.02
5,g,KeyDown,,100.59,1778392883568.61
5,g,KeyUp,94.26,,1778392883662.86
5,space,KeyDown,,39.82,1778392883702.68
5,space,KeyUp,75.09,,1778392883777.77
5,n,KeyDown,,109.53,1778392883887.3
5,n,KeyUp,65.17,,1778392883952.47
5,g,KeyDown,,135.05,1778392884087.52
5,g,KeyUp,54.13,,1778392884141.65
5,h,KeyDown,,115.42,1778392884257.06
5,h,KeyUp,50.37,,1778392884307.43
5,e,KeyDown,,59.73,1778392884367.16
5,e,KeyUp,65.19,,1778392884432.35
5,BackSpace,KeyDown,,64.62,1778392884496.97
5,BackSpace,KeyUp,0.4,,1778392884497.37
5,??,KeyUp,1256.71,,1778392884498.96
5,??,KeyDown,,0.1,1778392884499.06
5,??,KeyUp,0.09,,1778392884499.15
5,BackSpace,KeyDown,,38.06,1778392884537.21
5,BackSpace,KeyUp,0.19,,1778392884537.4
5,??,KeyDown,,0.92,1778392884538.33
5,??,KeyUp,0.11,,1778392884538.44
5,??,KeyDown,,0.05,1778392884538.49
5,??,KeyUp,0.07,,1778392884538.56
5,space,KeyDown,,109.81,1778392884702.15
5,space,KeyUp,59.59,,1778392884761.74
5,t,KeyDown,,104.32,1778392884866.07
5,t,KeyUp,80.14,,1778392884946.21
5,h,KeyDown,,104.81,1778392885051.01
5,h,KeyUp,70.55,,1778392885121.57
5,o,KeyDown,,115.41,1778392885236.98
5,o,KeyUp,14.99,,1778392885251.97
5,BackSpace,KeyDown,,125.27,1778392885377.24
5,BackSpace,KeyUp,0.52,,1778392885377.76
5,??,KeyDown,,2.15,1778392885379.91
5,??,KeyUp,0.35,,1778392885380.27
5,??,KeyDown,,0.17,1778392885380.44
5,n,KeyDown,,81.37,1778392885537.34
5,n,KeyUp,79.77,,1778392885617.12
5,g,KeyDown,,109.17,1778392885726.29
5,g,KeyUp,90.08,,1778392885816.37
5,space,KeyDown,,49.94,1778392885866.31
5,space,KeyUp,75.23,,1778392885941.54
5,t,KeyDown,,89.7,1778392886031.24
5,t,KeyUp,85.26,,1778392886116.5
5,i,KeyDown,,109.47,1778392886225.97
5,i,KeyUp,119.88,,1778392886345.85
5,n,KeyDown,,44.71,1778392886390.56
5,n,KeyUp,60.19,,1778392886450.75
5,Return,KeyDown,,304.1,1778392886754.85
5,Return,KeyUp,76.09,,1778392886830.94
6,k,KeyDown,,0,1778392887470.27
6,k,KeyUp,76.02,,1778392887546.29
6,h,KeyDown,,118.49,1778392887664.78
6,h,KeyUp,65.45,,1778392887730.23
6,o,KeyDown,,79.11,1778392887809.34
6,o,KeyUp,85.23,,1778392887894.57
6,a,KeyDown,,45.01,1778392887939.59
6,a,KeyUp,74.6,,1778392888014.18
6,space,KeyDown,,14.98,1778392888029.16
6,space,KeyUp,65.73,,1778392888094.89
6,c,KeyDown,,94.31,1778392888189.2
6,c,KeyUp,60.48,,1778392888249.68
6,o,KeyDown,,4.64,1778392888254.32
6,o,KeyUp,40.45,,1778392888294.77
6,BackSpace,KeyDown,,89.49,1778392888384.26
6,BackSpace,KeyUp,0.23,,1778392888384.49
6,??,KeyUp,3005.39,,1778392888385.83
6,??,KeyDown,,0.04,1778392888385.88
6,n,KeyDown,,66.33,1778392888545.22
6,n,KeyUp,64.83,,1778392888610.05
6,g,KeyDown,,108.9,1778392888718.95
6,g,KeyUp,85.44,,1778392888804.39
6,space,KeyDown,,39.24,1778392888843.63
6,space,KeyUp,70.45,,1778392888914.08
6,n,KeyDown,,115.27,1778392889029.34
6,n,KeyUp,74.01,,1778392889103.36
6,g,KeyDown,,114.7,1778392889218.06
6,g,KeyUp,64.99,,1778392889283.05
6,h,KeyDown,,90.63,1778392889373.69
6,h,KeyUp,85.23,,1778392889458.92
6,e,KeyDown,,64.81,1778392889523.73
6,e,KeyUp,60.72,,1778392889584.45
6,BackSpace,KeyDown,,74.96,1778392889659.41
6,BackSpace,KeyUp,0.49,,1778392889659.9
6,??,KeyUp,1276.17,,1778392889662.04
6,??,KeyDown,,0.16,1778392889662.21
6,??,KeyUp,0.2,,1778392889662.41
6,BackSpace,KeyDown,,20.76,1778392889683.18
6,BackSpace,KeyUp,0.17,,1778392889683.35
6,??,KeyDown,,0.64,1778392889683.99
6,??,KeyUp,0.2,,1778392889684.19
6,??,KeyDown,,0.09,1778392889684.28
6,??,KeyUp,0.12,,1778392889684.41
6,space,KeyDown,,85.02,1778392889833.18
6,space,KeyUp,65.55,,1778392889898.73
6,t,KeyDown,,114.86,1778392890013.59
6,t,KeyUp,80.04,,1778392890093.64
6,h,KeyDown,,94.57,1778392890188.2
6,h,KeyUp,80.4,,1778392890268.6
6,o,KeyDown,,239.75,1778392890508.35
6,o,KeyUp,90.8,,1778392890599.15
6,BackSpace,KeyDown,,89.56,1778392890688.71
6,BackSpace,KeyUp,0.52,,1778392890689.23
6,??,KeyDown,,1.84,1778392890691.07
6,??,KeyUp,0.35,,1778392890691.42
6,??,KeyDown,,0.18,1778392890691.6
6,n,KeyDown,,64.45,1778392890837.27
6,n,KeyUp,80.41,,1778392890917.68
6,g,KeyDown,,110.04,1778392891027.72
6,g,KeyUp,84.26,,1778392891111.99
6,space,KeyDown,,59.82,1778392891171.81
6,space,KeyUp,75.72,,1778392891247.52
6,t,KeyDown,,124.79,1778392891372.32
6,t,KeyUp,59.87,,1778392891432.19
6,i,KeyDown,,141.07,1778392891573.26
6,i,KeyUp,84.62,,1778392891657.87
6,n,KeyDown,,64.07,1778392891721.94
6,n,KeyUp,60.25,,1778392891782.19
6,Return,KeyDown,,254.78,1778392892036.97
6,Return,KeyUp,60.37,,1778392892097.34
7,k,KeyDown,,0,1778392892402.0
7,k,KeyUp,54.71,,1778392892456.71
7,h,KeyDown,,145.98,1778392892602.68
7,h,KeyUp,53.82,,1778392892656.51
7,o,KeyDown,,80.08,1778392892736.59
7,o,KeyUp,80.15,,1778392892816.74
7,a,KeyDown,,30.03,1778392892846.76
7,a,KeyUp,85.31,,1778392892932.07
7,space,KeyDown,,14.73,1778392892946.8
7,space,KeyUp,74.55,,1778392893021.35
7,c,KeyDown,,70.54,1778392893091.89
7,c,KeyUp,79.3,,1778392893171.19
7,o,KeyDown,,15.32,1778392893186.51
7,o,KeyUp,64.85,,1778392893251.36
7,BackSpace,KeyDown,,79.54,1778392893330.9
7,BackSpace,KeyUp,0.16,,1778392893331.07
7,??,KeyUp,2641.02,,1778392893332.62
7,??,KeyDown,,0.04,1778392893332.66
7,n,KeyDown,,65.31,1778392893475.73
7,n,KeyUp,76.18,,1778392893551.91
7,g,KeyDown,,103.78,1778392893655.69
7,g,KeyUp,95.34,,1778392893751.03
7,space,KeyDown,,30.15,1778392893781.18
7,space,KeyUp,79.77,,1778392893860.95
7,n,KeyDown,,114.66,1778392893975.62
7,n,KeyUp,80.41,,1778392894056.03
7,g,KeyDown,,119.8,1778392894175.83
7,g,KeyUp,65.1,,1778392894240.92
7,h,KeyDown,,105.21,1778392894346.13
7,h,KeyUp,89.67,,1778392894435.8
7,e,KeyDown,,44.64,1778392894480.43
7,e,KeyUp,51.02,,1778392894531.46
7,BackSpace,KeyDown,,114.11,1778392894645.57
7,BackSpace,KeyUp,0.18,,1778392894645.75
7,??,KeyUp,1315.2,,1778392894647.87
7,??,KeyDown,,0.06,1778392894647.92
7,BackSpace,KeyDown,,36.85,1778392894684.86
7,BackSpace,KeyUp,0.18,,1778392894685.03
7,??,KeyUp,38.09,,1778392894686.01
7,??,KeyDown,,0.06,1778392894686.07
7,??,KeyUp,0.07,,1778392894686.14
7,space,KeyDown,,115.77,1778392894869.89
7,space,KeyUp,70.13,,1778392894940.02
7,t,KeyDown,,155.13,1778392895095.15
7,t,KeyUp,80.02,,1778392895175.16
7,h,KeyDown,,114.56,1778392895289.72
7,h,KeyUp,64.66,,1778392895354.38
7,o,KeyDown,,125.5,1778392895479.88
7,o,KeyUp,60.56,,1778392895540.44
7,BackSpace,KeyDown,,75.82,1778392895616.27
7,BackSpace,KeyUp,0.47,,1778392895616.74
7,??,KeyDown,,1.71,1778392895618.45
7,??,KeyUp,0.32,,1778392895618.77
7,??,KeyDown,,0.15,1778392895618.92
7,n,KeyDown,,90.09,1778392895779.29
7,n,KeyUp,75.18,,1778392895854.47
7,g,KeyDown,,99.79,1778392895954.26
7,g,KeyUp,90.15,,1778392896044.41
7,space,KeyDown,,35.14,1778392896079.54
7,space,KeyUp,74.74,,1778392896154.28
7,t,KeyDown,,125.21,1778392896279.5
7,t,KeyUp,70.06,,1778392896349.56
7,i,KeyDown,,129.84,1778392896479.4
7,i,KeyUp,110.68,,1778392896590.08
7,n,KeyDown,,59.14,1778392896649.22
7,n,KeyUp,59.77,,1778392896708.99
7,Return,KeyDown,,239.19,1778392896948.18
7,Return,KeyUp,65.51,,1778392897013.69
8,k,KeyDown,,0,1778392897318.53
8,k,KeyUp,65.15,,1778392897383.68
8,h,KeyDown,,124.89,1778392897508.57
8,h,KeyUp,70.19,,1778392897578.77
8,o,KeyDown,,74.15,1778392897652.92
8,o,KeyUp,75.02,,1778392897727.94
8,a,KeyDown,,4.91,1778392897732.85
8,a,KeyUp,70.03,,1778392897802.88
8,space,KeyDown,,65.44,1778392897868.33
8,space,KeyUp,74.83,,1778392897943.16
8,c,KeyDown,,55.19,1778392897998.34
8,c,KeyUp,64.7,,1778392898063.04
8,o,KeyDown,,54.65,1778392898117.7
8,o,KeyUp,60.32,,1778392898178.02
8,BackSpace,KeyDown,,90.69,1778392898268.7
8,BackSpace,KeyUp,0.44,,1778392898269.14
8,??,KeyUp,2652.52,,1778392898271.44
8,??,KeyDown,,0.16,1778392898271.6
8,n,KeyDown,,115.0,1778392898457.55
8,n,KeyUp,80.44,,1778392898537.99
8,g,KeyDown,,124.56,1778392898662.55
8,g,KeyUp,95.54,,1778392898758.1
8,space,KeyDown,,94.68,1778392898852.78
8,space,KeyUp,70.6,,1778392898923.38
8,n,KeyDown,,149.46,1778392899072.84
8,n,KeyUp,70.14,,1778392899142.98
8,g,KeyDown,,129.05,1778392899272.03
8,g,KeyUp,65.22,,1778392899337.25
8,h,KeyDown,,105.34,1778392899442.58
8,h,KeyUp,83.27,,1778392899525.85
8,e,KeyDown,,7.11,1778392899532.97
8,e,KeyUp,65.13,,1778392899598.1
8,BackSpace,KeyDown,,99.97,1778392899698.06
8,BackSpace,KeyUp,0.5,,1778392899698.56
8,??,KeyUp,1429.25,,1778392899700.85
8,??,KeyDown,,0.15,1778392899701.0
8,BackSpace,KeyDown,,366.06,1778392900117.54
8,BackSpace,KeyUp,0.48,,1778392900118.02
8,??,KeyUp,418.86,,1778392900119.87
8,??,KeyDown,,0.13,1778392900120.0
8,??,KeyUp,0.19,,1778392900120.19
8,space,KeyDown,,94.81,1778392900286.52
8,space,KeyUp,75.16,,1778392900361.68
8,s,KeyDown,,90.39,1778392900452.07
8,i,KeyDown,,165.96,1778392900527.64
8,s,KeyUp,105.29,,1778392900557.36
8,i,KeyUp,89.46,,1778392900617.1
8,BackSpace,KeyDown,,353.86,1778392900970.96
8,BackSpace,KeyUp,70.51,,1778392901041.46
8,BackSpace,KeyDown,,589.24,1778392901630.71
8,BackSpace,KeyUp,75.48,,1778392901706.18
8,t,KeyDown,,313.71,1778392902019.89
8,t,KeyUp,75.88,,1778392902095.77
8,h,KeyDown,,110.06,1778392902205.83
8,h,KeyUp,64.56,,1778392902270.39
8,o,KeyDown,,114.26,1778392902384.66
8,o,KeyUp,75.3,,1778392902459.96
8,BackSpace,KeyDown,,77.37,1778392902537.34
8,BackSpace,KeyUp,0.46,,1778392902537.8
8,??,KeyDown,,2.07,1778392902539.87
8,??,KeyUp,0.32,,1778392902540.2
8,??,KeyDown,,0.15,1778392902540.34
8,n,KeyDown,,64.6,1778392902680.36
8,n,KeyUp,90.11,,1778392902770.47
8,g,KeyDown,,114.49,1778392902884.96
8,g,KeyUp,80.32,,1778392902965.27
8,space,KeyDown,,55.12,1778392903020.4
8,space,KeyUp,84.36,,1778392903104.76
8,t,KeyDown,,79.88,1778392903184.64
8,t,KeyUp,75.48,,1778392903260.11
8,i,KeyDown,,164.75,1778392903424.87
8,i,KeyUp,74.79,,1778392903499.66
8,n,KeyDown,,80.53,1778392903580.19
8,n,KeyUp,74.12,,1778392903654.31
8,Return,KeyDown,,265.04,1778392903919.35
8,Return,KeyUp,70.33,,1778392903989.67
9,k,KeyDown,,0,1778392904244.4
9,k,KeyUp,70.13,,1778392904314.53
9,h,KeyDown,,144.69,1778392904459.22
9,h,KeyUp,91.02,,1778392904550.24
9,o,KeyDown,,70.49,1778392904620.73
9,a,KeyDown,,76.81,1778392904627.05
9,o,KeyUp,77.99,,1778392904698.72
9,a,KeyUp,81.32,,1778392904708.37
9,space,KeyDown,,129.62,1778392904837.99
9,space,KeyUp,65.33,,1778392904903.31
9,c,KeyDown,,39.94,1778392904943.26
9,c,KeyUp,85.53,,1778392905028.78
9,o,KeyDown,,30.19,1778392905058.98
9,o,KeyUp,63.88,,1778392905122.86
9,BackSpace,KeyDown,,76.68,1778392905199.54
9,BackSpace,KeyUp,0.42,,1778392905199.96
9,??,KeyUp,2661.61,,1778392905201.95
9,??,KeyDown,,0.15,1778392905202.11
9,n,KeyDown,,70.4,1778392905368.89
9,n,KeyUp,69.1,,1778392905438.0
9,g,KeyDown,,100.45,1778392905538.45
9,g,KeyUp,95.29,,1778392905633.74
9,space,KeyDown,,29.63,1778392905663.37
9,space,KeyUp,65.31,,1778392905728.69
9,n,KeyDown,,114.87,1778392905843.56
9,n,KeyUp,74.61,,1778392905918.17
9,g,KeyDown,,125.44,1778392906043.61
9,g,KeyUp,58.87,,1778392906102.47
9,h,KeyDown,,104.96,1778392906207.44
9,h,KeyUp,69.79,,1778392906277.23
9,e,KeyDown,,65.5,1778392906342.73
9,e,KeyUp,70.58,,1778392906413.31
9,BackSpace,KeyDown,,49.83,1778392906463.15
9,BackSpace,KeyUp,0.51,,1778392906463.66
9,??,KeyUp,1264.16,,1778392906466.27
9,??,KeyDown,,0.18,1778392906466.45
9,??,KeyUp,0.22,,1778392906466.67
9,BackSpace,KeyDown,,41.7,1778392906508.37
9,BackSpace,KeyUp,0.46,,1778392906508.83
9,??,KeyDown,,1.76,1778392906510.59
9,??,KeyUp,0.31,,1778392906510.9
9,??,KeyDown,,0.15,1778392906511.05
9,??,KeyUp,0.21,,1778392906511.26
9,space,KeyDown,,54.84,1778392906623.04
9,space,KeyUp,64.4,,1778392906687.45
9,t,KeyDown,,130.7,1778392906818.14
9,t,KeyUp,69.14,,1778392906887.28
9,h,KeyDown,,125.64,1778392907012.92
9,h,KeyUp,65.04,,1778392907077.96
9,o,KeyDown,,133.54,1778392907211.49
9,o,KeyUp,55.76,,1778392907267.26
9,BackSpace,KeyDown,,91.12,1778392907358.38
9,BackSpace,KeyUp,0.51,,1778392907358.89
9,??,KeyDown,,1.84,1778392907360.73
9,??,KeyUp,0.35,,1778392907361.07
9,??,KeyDown,,0.16,1778392907361.23
9,n,KeyDown,,65.23,1778392907492.31
9,n,KeyUp,90.97,,1778392907583.28
9,g,KeyDown,,103.68,1778392907686.96
9,g,KeyUp,80.39,,1778392907767.35
9,space,KeyDown,,64.6,1778392907831.95
9,space,KeyUp,79.99,,1778392907911.94
9,t,KeyDown,,124.85,1778392908036.79
9,t,KeyUp,65.05,,1778392908101.84
9,i,KeyDown,,130.16,1778392908232.01
9,i,KeyUp,109.9,,1778392908341.9
9,n,KeyDown,,39.82,1778392908381.73
9,n,KeyUp,65.11,,1778392908446.84
9,Return,KeyDown,,259.23,1778392908706.07
9,Return,KeyUp,70.24,,1778392908776.31
10,k,KeyDown,,0,1778392909095.96
10,k,KeyUp,65.19,,1778392909161.15
10,h,KeyDown,,129.73,1778392909290.88
10,h,KeyUp,64.81,,1778392909355.69
10,o,KeyDown,,74.76,1778392909430.45
10,o,KeyUp,80.66,,1778392909511.12
10,a,KeyDown,,8.38,1778392909519.5
10,a,KeyUp,62.14,,1778392909581.64
10,space,KeyDown,,49.13,1778392909630.77
10,space,KeyUp,70.41,,1778392909701.19
10,c,KeyDown,,24.69,1778392909725.88
10,c,KeyUp,85.33,,1778392909811.21
10,o,KeyDown,,29.51,1778392909840.72
10,o,KeyUp,60.02,,1778392909900.74
10,BackSpace,KeyDown,,90.32,1778392909991.06
10,BackSpace,KeyUp,0.43,,1778392909991.49
10,??,KeyUp,2632.27,,1778392909993.5
10,??,KeyDown,,0.17,1778392909993.67
10,n,KeyDown,,79.95,1778392910150.13
10,n,KeyUp,75.43,,1778392910225.56
10,g,KeyDown,,119.3,1778392910344.86
10,g,KeyUp,85.16,,1778392910430.01
10,space,KeyDown,,64.58,1778392910494.59
10,space,KeyUp,81.45,,1778392910576.04
10,n,KeyDown,,129.28,1778392910705.32
10,n,KeyUp,69.89,,1778392910775.21
10,g,KeyDown,,130.05,1778392910905.26
10,g,KeyUp,64.7,,1778392910969.96
10,h,KeyDown,,115.21,1778392911085.17
10,h,KeyUp,74.7,,1778392911159.87
10,e,KeyDown,,90.16,1778392911250.03
10,e,KeyUp,64.94,,1778392911314.97
10,BackSpace,KeyDown,,5.21,1778392911320.18
10,BackSpace,KeyUp,0.5,,1778392911320.68
10,??,KeyUp,1329.1,,1778392911322.78
10,??,KeyDown,,0.16,1778392911322.94
10,??,KeyUp,0.2,,1778392911323.14
10,BackSpace,KeyDown,,16.15,1778392911420.53
10,BackSpace,KeyUp,0.49,,1778392911421.02
10,??,KeyDown,,1.84,1778392911422.87
10,??,KeyUp,0.33,,1778392911423.2
10,??,KeyDown,,0.18,1778392911423.37
10,??,KeyUp,0.22,,1778392911423.6
10,space,KeyDown,,40.85,1778392911520.24
10,space,KeyUp,70.56,,1778392911590.8
10,t,KeyDown,,133.74,1778392911724.54
10,t,KeyUp,79.9,,1778392911804.45
10,h,KeyDown,,120.02,1778392911924.47
10,h,KeyUp,65.39,,1778392911989.86
10,o,KeyDown,,114.26,1778392912104.12
10,o,KeyUp,65.05,,1778392912169.17
10,BackSpace,KeyDown,,105.95,1778392912275.12
10,BackSpace,KeyUp,0.52,,1778392912275.64
10,??,KeyDown,,2.25,1778392912277.89
10,??,KeyUp,0.33,,1778392912278.22
10,??,KeyDown,,0.15,1778392912278.37
10,n,KeyDown,,69.08,1778392912433.44
10,n,KeyUp,69.97,,1778392912503.41
10,g,KeyDown,,101.22,1778392912604.63
10,g,KeyUp,79.32,,1778392912683.95
10,space,KeyDown,,30.1,1778392912714.05
10,space,KeyUp,74.75,,1778392912788.8
10,t,KeyDown,,84.89,1778392912873.69
10,t,KeyUp,75.16,,1778392912948.85
10,i,KeyDown,,144.58,1778392913093.43
10,i,KeyUp,85.5,,1778392913178.94
10,n,KeyDown,,69.61,1778392913248.55
10,n,KeyUp,70.35,,1778392913318.9
10,Return,KeyDown,,543.68,1778392913862.57
10,Return,KeyUp,80.9,,1778392913943.47
