Lan_Go,Key,Event_Type,Dwell_Time_ms,Flight_Time_ms,Timestamp
1,p,KeyDown,,0,1776531730871.35
1,p,KeyUp,77.81,,1776531730949.16
1,o,KeyDown,,93.39,1776531731042.55
1,o,KeyUp,91.33,,1776531731133.88
1,w,KeyDown,,0.27,1776531731134.15
1,w,KeyUp,60.18,,1776531731194.33
1,e,KeyDown,,214.72,1776531731409.06
1,r,KeyDown,,349.3,1776531731543.63
1,e,KeyUp,171.64,,1776531731580.69
1,r,KeyUp,100.13,,1776531731643.76
1,s,KeyDown,,1049.48,1776531732693.24
1,s,KeyUp,70.23,,1776531732763.48
1,h,KeyDown,,17.01,1776531732780.49
1,h,KeyUp,77.66,,1776531732858.14
1,e,KeyDown,,85.51,1776531732943.65
1,e,KeyUp,55.29,,1776531732998.94
1,semicolon,KeyDown,,226.4,1776531733225.35
1,semicolon,KeyUp,37.21,,1776531733262.56
1,BackSpace,KeyDown,,560.42,1776531733822.97
1,BackSpace,KeyUp,77.35,,1776531733900.32
1,l,KeyDown,,184.02,1776531734084.35
1,l,KeyUp,53.51,,1776531734137.86
1,l,KeyDown,,101.15,1776531734239.01
1,l,KeyUp,62.91,,1776531734301.92
1,minus,KeyDown,,941.91,1776531735243.83
1,minus,KeyUp,69.24,,1776531735313.07
1,BackSpace,KeyDown,,322.23,1776531735635.31
1,BackSpace,KeyUp,68.57,,1776531735703.87
1,space,KeyDown,,104.67,1776531735808.54
1,space,KeyUp,69.87,,1776531735878.41
1,minus,KeyDown,,233.5,1776531736111.91
1,minus,KeyUp,54.02,,1776531736165.93
1,Shift_L,KeyDown,,233.15,1776531736399.09
1,W,KeyDown,,463.41,1776531736629.34
1,W,KeyUp,93.81,,1776531736723.16
1,W,KeyDown,,276.09,1776531736999.24
1,W,KeyUp,109.32,,1776531737108.56
1,BackSpace,KeyDown,,264.37,1776531737372.93
1,BackSpace,KeyUp,62.3,,1776531737435.23
1,Shift_L,KeyUp,1149.95,,1776531737549.04
1,i,KeyDown,,537.5,1776531738086.54
1,i,KeyUp,62.5,,1776531738149.04
1,n,KeyDown,,180.07,1776531738329.11
1,n,KeyUp,70.09,,1776531738399.2
1,d,KeyDown,,137.25,1776531738536.45
1,d,KeyUp,77.71,,1776531738614.16
1,o,KeyDown,,64.31,1776531738678.47
1,o,KeyUp,76.78,,1776531738755.25
1,w,KeyDown,,20.67,1776531738775.92
1,w,KeyUp,69.73,,1776531738845.64
1,Shift_L,KeyDown,,703.11,1776531739548.76
1,S,KeyDown,,843.98,1776531739689.62
1,S,KeyUp,101.99,,1776531739791.61
1,Shift_L,KeyUp,303.55,,1776531739852.31
1,t,KeyDown,,94.41,1776531739946.72
1,t,KeyUp,77.55,,1776531740024.27
1,y,KeyDown,,135.65,1776531740159.92
1,y,KeyUp,70.41,,1776531740230.33
1,l,KeyDown,,218.02,1776531740448.35
1,l,KeyUp,99.07,,1776531740547.42
1,e,KeyDown,,0.17,1776531740547.59
1,e,KeyUp,70.5,,1776531740618.09
1,space,KeyDown,,735.67,1776531741353.76
1,space,KeyUp,53.91,,1776531741407.67
1,Shift_L,KeyDown,,67.44,1776531741475.11
1,H,KeyDown,,244.68,1776531741652.35
1,Shift_L,KeyUp,255.4,,1776531741730.5
1,i,KeyDown,,156.84,1776531741887.62
1,i,KeyUp,70.95,,1776531741958.58
1,d,KeyDown,,72.0,1776531742030.57
1,d,KeyUp,78.43,,1776531742109.0
1,d,KeyDown,,87.1,1776531742196.11
1,d,KeyUp,71.24,,1776531742267.35
1,e,KeyDown,,74.8,1776531742342.15
1,e,KeyUp,77.1,,1776531742419.25
1,n,KeyDown,,63.04,1776531742482.29
1,n,KeyUp,69.44,,1776531742551.72
1,space,KeyDown,,438.64,1776531742990.36
1,space,KeyUp,54.26,,1776531743044.62
1,minus,KeyDown,,533.45,1776531743578.07
1,minus,KeyUp,61.7,,1776531743639.77
1,Shift_L,KeyDown,,114.25,1776531743754.02
1,C,KeyDown,,329.12,1776531743968.89
1,Shift_L,KeyUp,315.78,,1776531744069.8
1,o,KeyDown,,320.44,1776531744437.95
1,o,KeyUp,70.03,,1776531744507.98
1,m,KeyDown,,192.27,1776531744700.25
1,m,KeyUp,61.29,,1776531744761.54
1,m,KeyDown,,110.0,1776531744871.54
1,m,KeyUp,70.05,,1776531744941.6
1,a,KeyDown,,53.85,1776531744995.44
1,a,KeyUp,70.54,,1776531745065.99
1,n,KeyDown,,22.03,1776531745088.02
1,n,KeyUp,62.07,,1776531745150.09
1,d,KeyDown,,60.69,1776531745210.78
1,d,KeyUp,71.27,,1776531745282.05
1,space,KeyDown,,650.64,1776531745932.69
1,space,KeyUp,70.17,,1776531746002.85
1,Shift_L,KeyDown,,586.91,1776531746589.76
1,quotedbl,KeyDown,,757.42,1776531746760.27
1,quotedbl,KeyUp,76.65,,1776531746836.92
1,Shift_L,KeyUp,281.5,,1776531746871.26
1,Shift_L,KeyDown,,117.9,1776531746989.16
1,I,KeyDown,,238.8,1776531747110.06
1,I,KeyUp,62.01,,1776531747172.07
1,Shift_L,KeyUp,225.78,,1776531747214.94
1,n,KeyDown,,85.61,1776531747300.55
1,n,KeyUp,63.32,,1776531747363.87
1,v,KeyDown,,197.01,1776531747560.88
1,v,KeyUp,63.22,,1776531747624.1
1,o,KeyDown,,91.78,1776531747715.88
1,o,KeyUp,70.01,,1776531747785.88
1,k,KeyDown,,300.14,1776531748086.02
1,k,KeyUp,62.04,,1776531748148.06
1,e,KeyDown,,37.0,1776531748185.06
1,e,KeyUp,70.27,,1776531748255.33
1,minus,KeyDown,,579.01,1776531748834.34
1,minus,KeyUp,78.18,,1776531748912.51
1,Shift_L,KeyDown,,26.26,1776531748938.77
1,W,KeyDown,,218.09,1776531749130.61
1,Shift_L,KeyUp,316.6,,1776531749255.37
1,e,KeyDown,,154.27,1776531749409.81
1,e,KeyUp,86.53,,1776531749496.34
1,b,KeyDown,,807.06,1776531750303.4
1,b,KeyUp,70.57,,1776531750373.98
1,Shift_L,KeyDown,,387.03,1776531750761.01
1,R,KeyDown,,593.53,1776531750967.5
1,Shift_L,KeyUp,249.08,,1776531751010.09
1,e,KeyDown,,0.27,1776531751098.82
1,e,KeyUp,92.25,,1776531751191.07
1,q,KeyDown,,278.57,1776531751469.64
1,q,KeyUp,77.32,,1776531751546.96
1,u,KeyDown,,168.41,1776531751715.37
1,u,KeyUp,78.33,,1776531751793.7
1,e,KeyDown,,0.46,1776531751794.16
1,e,KeyUp,60.26,,1776531751854.42
1,s,KeyDown,,125.12,1776531751979.54
1,s,KeyUp,70.9,,1776531752050.44
1,t,KeyDown,,98.44,1776531752148.88
1,t,KeyUp,78.27,,1776531752227.15
1,Shift_L,KeyDown,,1378.58,1776531753605.73
1,quotedbl,KeyDown,,2096.52,1776531754323.67
1,quotedbl,KeyUp,84.84,,1776531754408.52
1,Shift_L,KeyUp,852.83,,1776531754458.56
1,Return,KeyDown,,1804.69,1776531756263.25
1,Return,KeyUp,78.51,,1776531756341.76
2,Shift_L,KeyDown,,0,1776531758916.88
2,Shift_L,KeyUp,204.36,,1776531759121.24
2,p,KeyDown,,206.36,1776531759327.6
2,p,KeyUp,71.78,,1776531759399.37
2,o,KeyDown,,101.7,1776531759501.07
2,o,KeyUp,68.97,,1776531759570.04
2,w,KeyDown,,73.03,1776531759643.07
2,w,KeyUp,70.82,,1776531759713.9
2,e,KeyDown,,140.38,1776531759854.28
2,r,KeyDown,,218.31,1776531759932.21
2,e,KeyUp,123.84,,1776531759978.12
2,r,KeyUp,116.56,,1776531760048.77
2,s,KeyDown,,585.6,1776531760634.37
2,s,KeyUp,94.6,,1776531760728.98
2,h,KeyDown,,58.71,1776531760787.68
2,h,KeyUp,77.98,,1776531760865.66
2,e,KeyDown,,53.76,1776531760919.43
2,e,KeyUp,63.18,,1776531760982.61
2,l,KeyDown,,494.09,1776531761476.7
2,l,KeyUp,70.71,,1776531761547.41
2,l,KeyDown,,100.11,1776531761647.52
2,l,KeyUp,76.8,,1776531761724.32
2,space,KeyDown,,704.13,1776531762428.44
2,space,KeyUp,101.94,,1776531762530.39
2,minus,KeyDown,,176.78,1776531762707.16
2,minus,KeyUp,61.35,,1776531762768.52
2,Shift_L,KeyDown,,61.46,1776531762829.98
2,Shift_L,KeyUp,284.03,,1776531763114.01
2,i,KeyDown,,84.96,1776531763199.17
2,i,KeyUp,69.39,,1776531763268.56
2,n,KeyDown,,130.39,1776531763398.94
2,n,KeyUp,69.89,,1776531763468.83
2,d,KeyDown,,29.19,1776531763498.02
2,d,KeyUp,70.51,,1776531763568.52
2,o,KeyDown,,64.48,1776531763633.0
2,o,KeyUp,88.59,,1776531763721.59
2,w,KeyDown,,0.41,1776531763722.0
2,w,KeyUp,61.5,,1776531763783.5
2,Shift_L,KeyDown,,468.27,1776531764251.76
2,S,KeyDown,,595.09,1776531764378.59
2,Shift_L,KeyUp,235.18,,1776531764486.95
2,t,KeyDown,,218.73,1776531764737.87
2,t,KeyUp,77.09,,1776531764814.96
2,y,KeyDown,,177.1,1776531764992.06
2,y,KeyUp,70.04,,1776531765062.1
2,l,KeyDown,,249.68,1776531765311.78
2,l,KeyUp,77.14,,1776531765388.92
2,e,KeyDown,,22.8,1776531765411.72
2,e,KeyUp,69.04,,1776531765480.76
2,space,KeyDown,,798.71,1776531766279.47
2,space,KeyUp,94.15,,1776531766373.62
2,Shift_L,KeyDown,,64.19,1776531766437.81
2,H,KeyUp,24999.96,,1776531766652.32
2,Shift_L,KeyUp,234.1,,1776531766671.91
2,i,KeyDown,,104.61,1776531766776.52
2,i,KeyUp,78.16,,1776531766854.68
2,d,KeyDown,,52.91,1776531766907.59
2,d,KeyUp,54.95,,1776531766962.53
2,d,KeyDown,,89.57,1776531767052.11
2,d,KeyUp,62.18,,1776531767114.29
2,e,KeyDown,,74.32,1776531767188.61
2,e,KeyUp,68.89,,1776531767257.5
2,n,KeyDown,,78.95,1776531767336.45
2,n,KeyUp,53.46,,1776531767389.92
2,space,KeyDown,,977.15,1776531768367.06
2,space,KeyUp,110.84,,1776531768477.9
2,minus,KeyDown,,154.95,1776531768632.85
2,minus,KeyUp,70.22,,1776531768703.06
2,Shift_L,KeyDown,,147.99,1776531768851.06
2,Shift_L,KeyUp,252.1,,1776531769103.16
2,o,KeyDown,,83.28,1776531769226.89
2,o,KeyUp,70.71,,1776531769297.59
2,m,KeyDown,,141.21,1776531769438.81
2,m,KeyUp,69.85,,1776531769508.66
2,m,KeyDown,,82.3,1776531769590.96
2,m,KeyUp,69.43,,1776531769660.39
2,a,KeyDown,,0.25,1776531769660.64
2,a,KeyUp,67.35,,1776531769727.99
2,n,KeyDown,,36.42,1776531769764.4
2,n,KeyUp,67.55,,1776531769831.95
2,d,KeyDown,,22.23,1776531769854.18
2,d,KeyUp,69.58,,1776531769923.76
2,space,KeyDown,,988.14,1776531770911.9
2,space,KeyUp,53.43,,1776531770965.33
2,Shift_L,KeyDown,,322.87,1776531771288.2
2,quotedbl,KeyDown,,447.27,1776531771412.59
2,quotedbl,KeyUp,85.9,,1776531771498.49
2,Shift_L,KeyUp,266.96,,1776531771555.16
2,Shift_L,KeyDown,,124.9,1776531771680.06
2,I,KeyDown,,294.1,1776531771849.26
2,Shift_L,KeyUp,235.35,,1776531771915.41
2,n,KeyDown,,99.68,1776531772015.23
2,n,KeyUp,69.45,,1776531772084.68
2,v,KeyDown,,244.7,1776531772329.37
2,v,KeyUp,61.88,,1776531772391.26
2,o,KeyDown,,60.19,1776531772451.45
2,o,KeyUp,69.91,,1776531772521.36
2,k,KeyDown,,1251.37,1776531773772.73
2,k,KeyUp,83.74,,1776531773856.47
2,e,KeyDown,,0.29,1776531773856.76
2,e,KeyUp,77.43,,1776531773934.2
2,minus,KeyDown,,584.3,1776531774518.49
2,minus,KeyUp,69.29,,1776531774587.78
2,Shift_L,KeyDown,,63.1,1776531774650.88
2,W,KeyUp,25763.9,,1776531774894.5
2,Shift_L,KeyUp,264.73,,1776531774915.61
2,e,KeyDown,,120.51,1776531775036.12
2,e,KeyUp,78.62,,1776531775114.74
2,b,KeyDown,,531.58,1776531775646.32
2,b,KeyUp,71.39,,1776531775717.71
2,Shift_L,KeyDown,,98.98,1776531775816.69
2,Shift_L,KeyUp,346.52,,1776531776163.21
2,e,KeyDown,,33.65,1776531776245.6
2,e,KeyUp,101.47,,1776531776347.07
2,q,KeyDown,,355.3,1776531776702.38
2,q,KeyUp,93.38,,1776531776795.75
2,u,KeyDown,,95.95,1776531776891.7
2,u,KeyUp,83.41,,1776531776975.11
2,e,KeyDown,,0.12,1776531776975.23
2,e,KeyUp,53.88,,1776531777029.11
2,s,KeyDown,,106.76,1776531777135.88
2,s,KeyUp,70.19,,1776531777206.07
2,t,KeyDown,,93.29,1776531777299.36
2,t,KeyUp,77.58,,1776531777376.94
2,Shift_L,KeyDown,,189.19,1776531777566.13
2,quotedbl,KeyDown,,533.42,1776531777910.36
2,quotedbl,KeyUp,78.13,,1776531777988.49
2,Shift_L,KeyUp,456.59,,1776531778022.72
2,Return,KeyDown,,504.76,1776531778527.48
2,Return,KeyUp,69.99,,1776531778597.47
3,p,KeyDown,,0,1776531787057.23
3,p,KeyUp,37.86,,1776531787095.09
3,o,KeyDown,,541.35,1776531787636.44
3,o,KeyUp,60.24,,1776531787696.68
3,w,KeyDown,,22.61,1776531787719.3
3,w,KeyUp,69.63,,1776531787788.92
3,e,KeyDown,,141.33,1776531787930.25
3,r,KeyDown,,282.77,1776531788071.69
3,e,KeyUp,163.17,,1776531788093.42
3,r,KeyUp,69.69,,1776531788141.38
3,s,KeyDown,,1204.43,1776531789345.81
3,s,KeyUp,79.1,,1776531789424.91
3,h,KeyDown,,28.43,1776531789453.34
3,h,KeyUp,69.63,,1776531789522.98
3,e,KeyDown,,57.07,1776531789580.05
3,e,KeyUp,61.43,,1776531789641.47
3,e,KeyDown,,106.79,1776531789748.27
3,e,KeyUp,23.39,,1776531789771.66
3,BackSpace,KeyDown,,250.15,1776531790021.81
3,BackSpace,KeyUp,62.47,,1776531790084.28
3,l,KeyDown,,202.26,1776531790286.54
3,l,KeyUp,54.8,,1776531790341.33
3,l,KeyDown,,108.41,1776531790449.74
3,l,KeyUp,70.4,,1776531790520.14
3,space,KeyDown,,266.42,1776531790786.56
3,space,KeyUp,78.67,,1776531790865.23
3,minus,KeyDown,,832.86,1776531791698.09
3,minus,KeyUp,60.43,,1776531791758.52
3,Shift_L,KeyDown,,63.79,1776531791822.31
3,W,KeyDown,,190.57,1776531791949.1
3,Shift_L,KeyUp,259.06,,1776531792081.38
3,i,KeyDown,,98.54,1776531792180.08
3,i,KeyUp,69.17,,1776531792249.26
3,n,KeyDown,,123.11,1776531792372.36
3,n,KeyUp,60.59,,1776531792432.96
3,d,KeyDown,,26.97,1776531792459.92
3,d,KeyUp,70.28,,1776531792530.21
3,o,KeyDown,,70.53,1776531792600.74
3,w,KeyDown,,122.58,1776531792652.79
3,o,KeyUp,69.24,,1776531792669.98
3,w,KeyUp,76.87,,1776531792729.66
3,Shift_L,KeyDown,,149.76,1776531792879.43
3,Shift_L,KeyUp,156.92,,1776531793036.35
3,t,KeyDown,,130.82,1776531793223.91
3,t,KeyUp,69.46,,1776531793293.37
3,y,KeyDown,,46.49,1776531793339.86
3,y,KeyUp,70.3,,1776531793410.16
3,l,KeyDown,,129.91,1776531793540.07
3,l,KeyUp,84.36,,1776531793624.42
3,e,KeyDown,,23.53,1776531793647.95
3,e,KeyUp,86.21,,1776531793734.16
3,space,KeyDown,,801.92,1776531794536.07
3,space,KeyUp,61.39,,1776531794597.47
3,Shift_L,KeyDown,,30.75,1776531794628.21
3,H,KeyDown,,151.75,1776531794749.22
3,Shift_L,KeyUp,204.16,,1776531794832.37
3,i,KeyDown,,93.47,1776531794927.58
3,i,KeyUp,69.82,,1776531794997.4
3,d,KeyDown,,26.92,1776531795024.32
3,d,KeyUp,69.65,,1776531795093.97
3,d,KeyDown,,141.54,1776531795235.51
3,d,KeyUp,45.11,,1776531795280.62
3,d,KeyDown,,54.78,1776531795335.4
3,e,KeyDown,,55.21,1776531795335.84
3,d,KeyUp,28.98,,1776531795364.38
3,e,KeyUp,67.45,,1776531795403.28
3,BackSpace,KeyDown,,724.36,1776531796127.64
3,BackSpace,KeyUp,77.72,,1776531796205.36
3,BackSpace,KeyDown,,123.59,1776531796328.96
3,BackSpace,KeyUp,70.27,,1776531796399.23
3,e,KeyDown,,147.34,1776531796546.57
3,e,KeyUp,85.81,,1776531796632.37
3,n,KeyDown,,19.0,1776531796651.38
3,n,KeyUp,70.47,,1776531796721.85
3,space,KeyDown,,1526.38,1776531798248.23
3,space,KeyUp,62.73,,1776531798310.96
3,minus,KeyDown,,415.6,1776531798726.56
3,minus,KeyUp,61.34,,1776531798787.91
3,Shift_L,KeyDown,,23.65,1776531798811.55
3,Shift_L,KeyUp,236.22,,1776531799047.77
3,o,KeyDown,,41.06,1776531799137.51
3,o,KeyUp,78.05,,1776531799215.57
3,m,KeyDown,,121.68,1776531799337.25
3,m,KeyUp,78.62,,1776531799415.87
3,m,KeyDown,,76.0,1776531799491.88
3,a,KeyDown,,127.28,1776531799543.15
3,m,KeyUp,67.36,,1776531799559.23
3,a,KeyUp,76.85,,1776531799620.01
3,n,KeyDown,,36.19,1776531799656.2
3,n,KeyUp,78.19,,1776531799734.39
3,d,KeyDown,,23.2,1776531799757.59
3,d,KeyUp,60.61,,1776531799818.2
3,space,KeyDown,,708.52,1776531800526.72
3,space,KeyUp,71.59,,1776531800598.31
3,Shift_L,KeyDown,,253.49,1776531800851.81
3,quotedbl,KeyDown,,574.62,1776531801172.93
3,Shift_L,KeyUp,415.7,,1776531801267.5
3,Shift_L,KeyDown,,86.66,1776531801354.44
3,Shift_L,KeyUp,225.64,,1776531801580.08
3,n,KeyDown,,105.89,1776531801686.07
3,n,KeyUp,61.36,,1776531801747.43
3,v,KeyDown,,391.52,1776531802138.95
3,v,KeyUp,52.45,,1776531802191.4
3,o,KeyDown,,49.71,1776531802241.11
3,o,KeyUp,61.79,,1776531802302.9
3,k,KeyDown,,133.51,1776531802436.41
3,k,KeyUp,76.71,,1776531802513.13
3,e,KeyDown,,0.32,1776531802513.45
3,e,KeyUp,76.78,,1776531802590.22
3,minus,KeyDown,,566.71,1776531803156.93
3,minus,KeyUp,70.13,,1776531803227.06
3,Shift_L,KeyDown,,148.98,1776531803376.04
3,Shift_L,KeyUp,877.25,,1776531804253.3
3,e,KeyDown,,150.85,1776531804404.27
3,e,KeyUp,86.56,,1776531804490.83
3,b,KeyDown,,124.38,1776531804615.21
3,b,KeyUp,70.25,,1776531804685.46
3,Shift_L,KeyDown,,75.59,1776531804761.04
3,Shift_L,KeyUp,250.78,,1776531805011.82
3,e,KeyDown,,120.07,1776531805203.84
3,e,KeyUp,93.44,,1776531805297.28
3,q,KeyDown,,605.33,1776531805902.6
3,q,KeyUp,109.71,,1776531806012.31
3,u,KeyDown,,52.12,1776531806064.44
3,u,KeyUp,70.69,,1776531806135.13
3,e,KeyDown,,22.16,1776531806157.29
3,e,KeyUp,93.93,,1776531806251.22
3,s,KeyDown,,127.74,1776531806378.96
3,s,KeyUp,86.06,,1776531806465.01
3,t,KeyDown,,112.97,1776531806577.98
3,t,KeyUp,78.73,,1776531806656.71
3,Shift_L,KeyDown,,727.76,1776531807384.46
3,quotedbl,KeyUp,6736.58,,1776531807909.51
3,Shift_L,KeyUp,559.24,,1776531807943.7
3,Return,KeyDown,,364.48,1776531808308.18
3,Return,KeyUp,78.71,,1776531808386.89
4,Shift_L,KeyDown,,0,1776531809848.73
4,Shift_L,KeyUp,188.38,,1776531810037.11
4,p,KeyDown,,147.81,1776531810184.92
4,p,KeyUp,70.27,,1776531810255.19
4,o,KeyDown,,88.4,1776531810343.59
4,o,KeyUp,71.64,,1776531810415.22
4,w,KeyDown,,0.51,1776531810415.73
4,w,KeyUp,56.71,,1776531810472.44
4,e,KeyDown,,144.9,1776531810617.34
4,r,KeyDown,,295.54,1776531810767.97
4,e,KeyUp,151.15,,1776531810768.49
4,r,KeyUp,44.95,,1776531810812.92
4,s,KeyDown,,177.37,1776531810990.29
4,s,KeyUp,77.9,,1776531811068.19
4,h,KeyDown,,70.56,1776531811138.75
4,h,KeyUp,70.1,,1776531811208.86
4,e,KeyDown,,67.61,1776531811276.47
4,e,KeyUp,61.13,,1776531811337.6
4,l,KeyDown,,99.55,1776531811437.14
4,l,KeyUp,59.08,,1776531811496.22
4,l,KeyDown,,83.24,1776531811579.46
4,l,KeyUp,70.12,,1776531811649.58
4,space,KeyDown,,712.58,1776531812362.16
4,space,KeyUp,85.61,,1776531812447.77
4,minus,KeyDown,,94.0,1776531812541.78
4,minus,KeyUp,70.86,,1776531812612.64
4,Shift_L,KeyDown,,76.89,1776531812689.53
4,Shift_L,KeyUp,238.1,,1776531812927.63
4,i,KeyDown,,48.15,1776531812976.11
4,i,KeyUp,69.06,,1776531813045.18
4,n,KeyDown,,118.43,1776531813163.61
4,n,KeyUp,71.09,,1776531813234.7
4,d,KeyDown,,20.48,1776531813255.18
4,d,KeyUp,71.63,,1776531813326.81
4,o,KeyDown,,63.0,1776531813389.81
4,w,KeyDown,,122.83,1776531813449.64
4,o,KeyUp,76.6,,1776531813466.41
4,w,KeyUp,77.64,,1776531813527.28
4,Shift_L,KeyDown,,202.75,1776531813730.03
4,Shift_L,KeyUp,236.53,,1776531813966.56
4,t,KeyDown,,110.6,1776531814077.51
4,t,KeyUp,71.01,,1776531814148.52
4,y,KeyDown,,104.27,1776531814252.8
4,y,KeyUp,78.7,,1776531814331.49
4,l,KeyDown,,173.47,1776531814504.96
4,e,KeyDown,,258.09,1776531814589.58
4,l,KeyUp,100.71,,1776531814605.68
4,e,KeyUp,77.2,,1776531814666.78
4,space,KeyDown,,590.6,1776531815257.39
4,space,KeyUp,87.33,,1776531815344.72
4,Shift_L,KeyDown,,213.08,1776531815557.81
4,H,KeyUp,21008.14,,1776531815757.36
4,Shift_L,KeyUp,218.95,,1776531815776.76
4,i,KeyDown,,99.49,1776531815876.24
4,i,KeyUp,70.81,,1776531815947.05
4,d,KeyDown,,141.49,1776531816088.54
4,d,KeyUp,77.23,,1776531816165.77
4,d,KeyDown,,74.61,1776531816240.38
4,d,KeyUp,85.91,,1776531816326.29
4,e,KeyDown,,67.65,1776531816393.94
4,e,KeyUp,78.35,,1776531816472.29
4,n,KeyDown,,49.31,1776531816521.6
4,n,KeyUp,69.54,,1776531816591.14
4,space,KeyDown,,411.06,1776531817002.2
4,space,KeyUp,69.54,,1776531817071.74
4,minus,KeyDown,,540.25,1776531817611.99
4,minus,KeyUp,68.89,,1776531817680.88
4,Shift_L,KeyDown,,46.39,1776531817727.27
4,Shift_L,KeyUp,299.11,,1776531818026.38
4,o,KeyDown,,79.69,1776531818146.07
4,o,KeyUp,76.62,,1776531818222.69
4,m,KeyDown,,153.75,1776531818376.44
4,m,KeyUp,62.12,,1776531818438.56
4,m,KeyDown,,105.32,1776531818543.88
4,a,KeyDown,,142.27,1776531818580.82
4,m,KeyUp,61.93,,1776531818605.81
4,a,KeyUp,69.18,,1776531818650.0
4,n,KeyDown,,61.81,1776531818711.81
4,n,KeyUp,63.03,,1776531818774.84
4,d,KeyDown,,48.26,1776531818823.1
4,d,KeyUp,62.12,,1776531818885.23
4,space,KeyDown,,856.33,1776531819741.55
4,space,KeyUp,52.97,,1776531819794.52
4,Shift_L,KeyDown,,186.75,1776531819981.27
4,quotedbl,KeyDown,,372.96,1776531820167.48
4,Shift_L,KeyUp,264.02,,1776531820245.3
4,Shift_L,KeyDown,,85.88,1776531820331.78
4,Shift_L,KeyUp,227.13,,1776531820558.91
4,n,KeyDown,,112.04,1776531820671.11
4,n,KeyUp,69.65,,1776531820740.76
4,v,KeyDown,,159.0,1776531820899.75
4,v,KeyUp,77.58,,1776531820977.33
4,o,KeyDown,,125.28,1776531821102.61
4,o,KeyUp,78.87,,1776531821181.49
4,e,KeyDown,,166.03,1776531821347.52
4,e,KeyUp,53.63,,1776531821401.15
4,k,KeyDown,,55.01,1776531821456.16
4,k,KeyUp,77.56,,1776531821533.72
4,BackSpace,KeyDown,,376.26,1776531821909.97
4,BackSpace,KeyUp,69.86,,1776531821979.83
4,BackSpace,KeyDown,,74.97,1776531822054.8
4,BackSpace,KeyUp,62.4,,1776531822117.19
4,k,KeyDown,,92.94,1776531822210.13
4,k,KeyUp,69.99,,1776531822280.13
4,e,KeyDown,,22.49,1776531822302.62
4,e,KeyUp,62.46,,1776531822365.07
4,minus,KeyDown,,539.92,1776531822904.99
4,minus,KeyUp,70.07,,1776531822975.07
4,Shift_L,KeyDown,,299.86,1776531823274.93
4,W,KeyUp,31760.78,,1776531823709.88
4,Shift_L,KeyUp,463.6,,1776531823738.53
4,e,KeyDown,,111.08,1776531823849.6
4,e,KeyUp,77.78,,1776531823927.39
4,b,KeyDown,,62.63,1776531823990.02
4,b,KeyUp,69.47,,1776531824059.49
4,Shift_L,KeyDown,,69.24,1776531824128.72
4,Shift_L,KeyUp,361.16,,1776531824489.88
4,e,KeyDown,,62.45,1776531824585.66
4,e,KeyUp,101.99,,1776531824687.64
4,q,KeyDown,,131.22,1776531824818.87
4,q,KeyUp,87.5,,1776531824906.37
4,u,KeyDown,,720.78,1776531825627.15
4,u,KeyUp,69.1,,1776531825696.26
4,e,KeyDown,,24.8,1776531825721.06
4,e,KeyUp,61.66,,1776531825782.71
4,s,KeyDown,,286.16,1776531826068.87
4,s,KeyUp,85.86,,1776531826154.74
4,t,KeyDown,,287.77,1776531826442.5
4,t,KeyUp,78.66,,1776531826521.16
4,Shift_L,KeyDown,,201.27,1776531826722.43
4,quotedbl,KeyUp,6953.78,,1776531827121.26
4,Shift_L,KeyUp,464.76,,1776531827187.19
4,Return,KeyDown,,193.47,1776531827380.66
4,Return,KeyUp,77.24,,1776531827457.9
5,p,KeyDown,,0,1776531829890.74
5,p,KeyUp,70.23,,1776531829960.97
5,o,KeyDown,,100.91,1776531830061.88
5,w,KeyDown,,153.39,1776531830114.36
5,o,KeyUp,68.97,,1776531830130.85
5,w,KeyUp,76.33,,1776531830190.69
5,e,KeyDown,,139.69,1776531830330.38
5,r,KeyDown,,243.39,1776531830434.07
5,e,KeyUp,164.05,,1776531830494.43
5,r,KeyUp,121.71,,1776531830555.78
5,s,KeyDown,,299.35,1776531830855.14
5,s,KeyUp,86.33,,1776531830941.47
5,h,KeyDown,,79.8,1776531831021.27
5,h,KeyUp,78.42,,1776531831099.69
5,e,KeyDown,,61.07,1776531831160.77
5,e,KeyUp,61.98,,1776531831222.75
5,l,KeyDown,,155.02,1776531831377.77
5,l,KeyUp,38.08,,1776531831415.85
5,l,KeyDown,,118.3,1776531831534.15
5,l,KeyUp,69.88,,1776531831604.03
5,l,KeyDown,,192.98,1776531831797.01
5,l,KeyUp,38.71,,1776531831835.72
5,BackSpace,KeyDown,,551.71,1776531832387.42
5,BackSpace,KeyUp,87.31,,1776531832474.73
5,space,KeyDown,,139.64,1776531832614.38
5,space,KeyUp,109.78,,1776531832724.15
5,minus,KeyDown,,81.06,1776531832805.21
5,minus,KeyUp,60.56,,1776531832865.77
5,Shift_L,KeyDown,,205.99,1776531833071.77
5,W,KeyDown,,342.07,1776531833207.84
5,W,KeyUp,125.26,,1776531833333.1
5,Shift_L,KeyUp,282.65,,1776531833354.41
5,i,KeyDown,,311.4,1776531833665.81
5,i,KeyUp,61.69,,1776531833727.51
5,n,KeyDown,,138.59,1776531833866.1
5,n,KeyUp,69.63,,1776531833935.74
5,d,KeyDown,,116.78,1776531834052.51
5,d,KeyUp,78.97,,1776531834131.49
5,o,KeyDown,,65.13,1776531834196.61
5,o,KeyUp,79.74,,1776531834276.36
5,w,KeyDown,,0.39,1776531834276.74
5,w,KeyUp,48.73,,1776531834325.47
5,Shift_L,KeyDown,,205.41,1776531834530.88
5,Shift_L,KeyUp,228.73,,1776531834759.62
5,t,KeyDown,,205.75,1776531834981.81
5,t,KeyUp,94.78,,1776531835076.59
5,y,KeyDown,,32.29,1776531835108.87
5,y,KeyUp,78.41,,1776531835187.29
5,l,KeyDown,,218.89,1776531835406.18
5,l,KeyUp,62.17,,1776531835468.35
5,e,KeyDown,,32.98,1776531835501.33
5,e,KeyUp,69.95,,1776531835571.27
5,space,KeyDown,,549.79,1776531836121.07
5,space,KeyUp,77.28,,1776531836198.35
5,Shift_L,KeyDown,,326.57,1776531836524.92
5,J,KeyDown,,517.69,1776531836716.04
5,J,KeyUp,54.39,,1776531836770.43
5,Shift_L,KeyUp,265.54,,1776531836790.45
5,BackSpace,KeyDown,,488.55,1776531837279.0
5,BackSpace,KeyUp,87.13,,1776531837366.12
5,Shift_L,KeyDown,,34.81,1776531837400.94
5,H,KeyDown,,179.27,1776531837545.39
5,H,KeyUp,70.03,,1776531837615.42
5,Shift_L,KeyUp,266.19,,1776531837667.12
5,i,KeyDown,,65.76,1776531837732.89
5,i,KeyUp,69.41,,1776531837802.3
5,d,KeyDown,,49.56,1776531837851.86
5,d,KeyUp,69.95,,1776531837921.81
5,d,KeyDown,,601.48,1776531838523.28
5,d,KeyUp,110.25,,1776531838633.54
5,e,KeyDown,,88.09,1776531838721.63
5,e,KeyUp,78.84,,1776531838800.46
5,n,KeyDown,,59.11,1776531838859.58
5,n,KeyUp,78.0,,1776531838937.58
5,space,KeyDown,,71.31,1776531839008.89
5,space,KeyUp,61.8,,1776531839070.69
5,minus,KeyDown,,1040.99,1776531840111.68
5,minus,KeyUp,70.31,,1776531840181.99
5,Shift_L,KeyDown,,24.83,1776531840206.82
5,Shift_L,KeyUp,323.65,,1776531840530.47
5,o,KeyDown,,46.67,1776531840577.25
5,o,KeyUp,70.06,,1776531840647.31
5,m,KeyDown,,147.58,1776531840794.89
5,m,KeyUp,55.87,,1776531840850.76
5,m,KeyDown,,96.0,1776531840946.76
5,m,KeyUp,78.23,,1776531841024.98
5,a,KeyDown,,0.24,1776531841025.22
5,a,KeyUp,59.85,,1776531841085.07
5,n,KeyDown,,57.94,1776531841143.01
5,n,KeyUp,62.72,,1776531841205.73
5,d,KeyDown,,46.46,1776531841252.19
5,d,KeyUp,62.74,,1776531841314.93
5,space,KeyDown,,499.09,1776531841814.02
5,space,KeyUp,62.01,,1776531841876.03
5,Shift_L,KeyDown,,399.37,1776531842275.4
5,quotedbl,KeyDown,,609.79,1776531842485.82
5,Shift_L,KeyUp,296.93,,1776531842572.33
5,Shift_L,KeyDown,,64.94,1776531842637.57
5,I,KeyUp,71066.81,,1776531842916.07
5,Shift_L,KeyUp,321.73,,1776531842959.3
5,n,KeyDown,,76.26,1776531843035.57
5,n,KeyUp,70.13,,1776531843105.69
5,o,KeyDown,,345.36,1776531843451.06
5,o,KeyUp,76.23,,1776531843527.29
5,v,KeyDown,,137.95,1776531843665.24
5,v,KeyUp,52.93,,1776531843718.17
5,BackSpace,KeyDown,,349.91,1776531844068.07
5,BackSpace,KeyUp,61.53,,1776531844129.6
5,BackSpace,KeyDown,,73.16,1776531844202.76
5,BackSpace,KeyUp,70.53,,1776531844273.29
5,v,KeyDown,,26.45,1776531844299.74
5,v,KeyUp,70.63,,1776531844370.37
5,o,KeyDown,,16.52,1776531844386.89
5,o,KeyUp,61.88,,1776531844448.77
5,k,KeyDown,,132.34,1776531844581.11
5,k,KeyUp,69.92,,1776531844651.03
5,e,KeyDown,,30.74,1776531844681.77
5,e,KeyUp,70.54,,1776531844752.31
5,space,KeyDown,,959.8,1776531845712.11
5,space,KeyUp,110.01,,1776531845822.11
5,BackSpace,KeyDown,,176.71,1776531845998.82
5,BackSpace,KeyUp,86.87,,1776531846085.69
5,minus,KeyDown,,121.6,1776531846207.29
5,minus,KeyUp,62.16,,1776531846269.45
5,Shift_L,KeyDown,,132.91,1776531846402.36
5,W,KeyDown,,284.23,1776531846553.68
5,W,KeyUp,109.97,,1776531846663.66
5,Shift_L,KeyUp,290.39,,1776531846692.76
5,e,KeyDown,,205.62,1776531846898.38
5,e,KeyUp,85.11,,1776531846983.49
5,b,KeyDown,,201.6,1776531847185.09
5,b,KeyUp,77.52,,1776531847262.61
5,Shift_L,KeyDown,,49.77,1776531847312.38
5,Shift_L,KeyUp,291.28,,1776531847603.65
5,e,KeyDown,,41.28,1776531847709.86
5,e,KeyUp,109.44,,1776531847819.3
5,q,KeyDown,,252.03,1776531848071.33
5,q,KeyUp,94.54,,1776531848165.87
5,u,KeyDown,,179.45,1776531848345.32
5,u,KeyUp,68.82,,1776531848414.14
5,e,KeyDown,,22.18,1776531848436.32
5,e,KeyUp,70.7,,1776531848507.02
5,s,KeyDown,,148.09,1776531848655.11
5,s,KeyUp,62.67,,1776531848717.79
5,t,KeyDown,,88.43,1776531848806.22
5,t,KeyUp,85.03,,1776531848891.25
5,Shift_L,KeyDown,,147.01,1776531849038.26
5,quotedbl,KeyUp,7000.26,,1776531849486.07
5,Shift_L,KeyUp,503.04,,1776531849541.3
5,Return,KeyDown,,1616.5,1776531851157.79
5,Return,KeyUp,85.76,,1776531851243.55
6,p,KeyDown,,0,1776531852741.1
6,p,KeyUp,37.67,,1776531852778.77
6,o,KeyDown,,103.96,1776531852882.73
6,o,KeyUp,69.34,,1776531852952.07
6,w,KeyDown,,34.19,1776531852986.26
6,w,KeyUp,124.86,,1776531853111.13
6,e,KeyDown,,398.25,1776531853509.38
6,r,KeyDown,,531.36,1776531853642.48
6,e,KeyUp,155.64,,1776531853665.02
6,r,KeyUp,102.1,,1776531853744.58
6,s,KeyDown,,298.76,1776531854043.33
6,s,KeyUp,85.18,,1776531854128.51
6,h,KeyDown,,58.77,1776531854187.28
6,h,KeyUp,70.33,,1776531854257.62
6,e,KeyDown,,96.0,1776531854353.61
6,e,KeyUp,70.21,,1776531854423.82
6,l,KeyDown,,91.19,1776531854515.01
6,l,KeyUp,69.66,,1776531854584.67
6,l,KeyDown,,75.03,1776531854659.7
6,l,KeyUp,87.09,,1776531854746.79
6,space,KeyDown,,122.57,1776531854869.36
6,space,KeyUp,71.0,,1776531854940.36
6,minus,KeyDown,,143.64,1776531855084.0
6,minus,KeyUp,60.95,,1776531855144.95
6,Shift_L,KeyDown,,273.78,1776531855418.73
6,W,KeyDown,,399.64,1776531855544.59
6,Shift_L,KeyUp,257.61,,1776531855676.35
6,i,KeyDown,,41.71,1776531855718.17
6,i,KeyUp,70.61,,1776531855788.78
6,n,KeyDown,,114.28,1776531855903.06
6,n,KeyUp,70.4,,1776531855973.45
6,d,KeyDown,,35.53,1776531856008.98
6,d,KeyUp,78.14,,1776531856087.13
6,o,KeyDown,,83.81,1776531856170.93
6,o,KeyUp,53.51,,1776531856224.44
6,w,KeyDown,,0.11,1776531856224.56
6,w,KeyUp,59.44,,1776531856284.0
6,Shift_L,KeyDown,,320.12,1776531856604.11
6,S,KeyUp,92462.48,,1776531856841.06
6,Shift_L,KeyUp,266.76,,1776531856870.87
6,t,KeyDown,,128.71,1776531856999.58
6,t,KeyUp,78.17,,1776531857077.74
6,y,KeyDown,,30.0,1776531857107.75
6,y,KeyUp,78.46,,1776531857186.21
6,l,KeyDown,,165.84,1776531857352.05
6,l,KeyUp,92.86,,1776531857444.91
6,e,KeyDown,,24.81,1776531857469.72
6,e,KeyUp,80.93,,1776531857550.65
6,space,KeyDown,,256.86,1776531857807.51
6,space,KeyUp,70.73,,1776531857878.24
6,Shift_L,KeyDown,,296.81,1776531858175.05
6,H,KeyDown,,456.75,1776531858334.99
6,H,KeyUp,78.01,,1776531858413.0
6,Shift_L,KeyUp,265.32,,1776531858440.38
6,i,KeyDown,,116.75,1776531858557.12
6,i,KeyUp,70.28,,1776531858627.41
6,d,KeyDown,,80.24,1776531858707.64
6,d,KeyUp,100.66,,1776531858808.3
6,d,KeyDown,,99.0,1776531858907.3
6,d,KeyUp,94.74,,1776531859002.04
6,e,KeyDown,,66.78,1776531859068.82
6,e,KeyUp,86.07,,1776531859154.89
6,n,KeyDown,,60.1,1776531859215.0
6,n,KeyUp,70.46,,1776531859285.45
6,space,KeyDown,,333.68,1776531859619.13
6,space,KeyUp,62.5,,1776531859681.62
6,minus,KeyDown,,285.1,1776531859966.73
6,minus,KeyUp,70.23,,1776531860036.96
6,Shift_L,KeyDown,,225.21,1776531860262.17
6,Shift_L,KeyUp,435.32,,1776531860697.48
6,o,KeyDown,,92.0,1776531860789.59
6,o,KeyUp,76.96,,1776531860866.55
6,m,KeyDown,,657.01,1776531861523.56
6,m,KeyUp,39.11,,1776531861562.67
6,m,KeyDown,,145.59,1776531861708.26
6,m,KeyUp,69.14,,1776531861777.4
6,a,KeyDown,,91.71,1776531861869.11
6,a,KeyUp,77.32,,1776531861946.42
6,n,KeyDown,,41.37,1776531861987.8
6,n,KeyUp,69.89,,1776531862057.69
6,d,KeyDown,,38.35,1776531862096.04
6,d,KeyUp,62.18,,1776531862158.22
6,space,KeyDown,,72.83,1776531862231.06
6,space,KeyUp,61.89,,1776531862292.95
6,Shift_L,KeyDown,,155.28,1776531862448.23
6,quotedbl,KeyDown,,342.55,1776531862635.5
6,Shift_L,KeyUp,275.93,,1776531862724.16
6,Shift_L,KeyDown,,78.29,1776531862830.11
6,I,KeyDown,,183.17,1776531862934.99
6,I,KeyUp,62.31,,1776531862997.3
6,Shift_L,KeyUp,227.06,,1776531863057.17
6,n,KeyDown,,90.5,1776531863147.67
6,n,KeyUp,68.52,,1776531863216.19
6,v,KeyDown,,394.25,1776531863610.44
6,v,KeyUp,61.94,,1776531863672.38
6,o,KeyDown,,42.77,1776531863715.15
6,o,KeyUp,69.1,,1776531863784.26
6,k,KeyDown,,189.23,1776531863973.48
6,k,KeyUp,78.33,,1776531864051.81
6,e,KeyDown,,272.07,1776531864323.88
6,e,KeyUp,69.6,,1776531864393.48
6,Shift_L,KeyDown,,665.4,1776531865058.89
6,Shift_L,KeyUp,109.75,,1776531865168.64
6,minus,KeyDown,,218.5,1776531865387.14
6,minus,KeyUp,69.84,,1776531865456.98
6,Shift_L,KeyDown,,62.41,1776531865519.39
6,W,KeyUp,10955.36,,1776531866499.94
6,Shift_L,KeyUp,1002.1,,1776531866521.48
6,e,KeyDown,,188.18,1776531866709.66
6,e,KeyUp,85.34,,1776531866795.01
6,b,KeyDown,,92.36,1776531866887.36
6,b,KeyUp,76.87,,1776531866964.23
6,Shift_L,KeyDown,,236.83,1776531867201.07
6,Shift_L,KeyUp,219.41,,1776531867420.48
6,e,KeyDown,,0.33,1776531867509.05
6,e,KeyUp,124.22,,1776531867633.27
6,q,KeyDown,,113.33,1776531867746.6
6,q,KeyUp,78.11,,1776531867824.71
6,u,KeyDown,,66.97,1776531867891.69
6,u,KeyUp,70.35,,1776531867962.03
6,e,KeyDown,,47.92,1776531868009.95
6,e,KeyUp,70.24,,1776531868080.18
6,s,KeyDown,,529.05,1776531868609.24
6,s,KeyUp,70.43,,1776531868679.67
6,t,KeyDown,,146.44,1776531868826.11
6,t,KeyUp,68.99,,1776531868895.1
6,Shift_L,KeyDown,,221.86,1776531869116.96
6,Shift_L,KeyUp,379.16,,1776531869496.12
6,Return,KeyDown,,245.8,1776531869742.19
6,Return,KeyUp,86.07,,1776531869828.26
7,p,KeyDown,,0,1776531871177.45
7,p,KeyUp,69.21,,1776531871246.66
7,o,KeyDown,,97.03,1776531871343.69
7,o,KeyUp,70.98,,1776531871414.68
7,w,KeyDown,,24.72,1776531871439.39
7,w,KeyUp,70.72,,1776531871510.12
7,e,KeyDown,,140.11,1776531871650.22
7,r,KeyDown,,274.24,1776531871784.36
7,e,KeyUp,163.58,,1776531871813.8
7,r,KeyUp,100.19,,1776531871884.55
7,s,KeyDown,,239.09,1776531872123.64
7,s,KeyUp,94.42,,1776531872218.06
7,h,KeyDown,,77.68,1776531872295.74
7,h,KeyUp,76.9,,1776531872372.64
7,e,KeyDown,,84.16,1776531872456.8
7,e,KeyUp,63.0,,1776531872519.8
7,l,KeyDown,,192.6,1776531872712.41
7,l,KeyUp,69.32,,1776531872781.72
7,l,KeyDown,,106.54,1776531872888.26
7,l,KeyUp,84.55,,1776531872972.82
7,space,KeyDown,,178.55,1776531873151.37
7,space,KeyUp,94.15,,1776531873245.52
7,minus,KeyDown,,411.26,1776531873656.78
7,Shift_L,KeyDown,,491.54,1776531873737.06
7,W,KeyDown,,166.09,1776531873903.39
7,Shift_L,KeyUp,276.62,,1776531874013.67
7,i,KeyDown,,30.75,1776531874044.66
7,i,KeyUp,78.57,,1776531874123.23
7,n,KeyDown,,119.82,1776531874243.05
7,n,KeyUp,62.88,,1776531874305.93
7,d,KeyDown,,24.87,1776531874330.79
7,d,KeyUp,69.36,,1776531874400.16
7,o,KeyDown,,57.38,1776531874457.54
7,o,KeyUp,85.23,,1776531874542.76
7,w,KeyDown,,0.23,1776531874542.99
7,w,KeyUp,66.82,,1776531874609.81
7,Shift_L,KeyDown,,501.57,1776531875111.39
7,S,KeyDown,,621.38,1776531875231.19
7,Shift_L,KeyUp,259.55,,1776531875370.93
7,t,KeyDown,,123.65,1776531875494.69
7,t,KeyUp,85.39,,1776531875580.08
7,y,KeyDown,,72.23,1776531875652.3
7,y,KeyUp,62.14,,1776531875714.45
7,l,KeyDown,,198.05,1776531875912.5
7,l,KeyUp,79.98,,1776531875992.48
7,e,KeyDown,,25.63,1776531876018.11
7,e,KeyUp,78.28,,1776531876096.4
7,space,KeyDown,,749.35,1776531876845.75
7,space,KeyUp,70.22,,1776531876915.97
7,Shift_L,KeyDown,,36.96,1776531876952.93
7,H,KeyDown,,157.64,1776531877073.6
7,H,KeyUp,70.94,,1776531877144.54
7,Shift_L,KeyUp,227.1,,1776531877180.02
7,i,KeyDown,,82.11,1776531877262.14
7,i,KeyUp,70.09,,1776531877332.23
7,d,KeyDown,,72.65,1776531877404.88
7,d,KeyUp,54.49,,1776531877459.37
7,e,KeyDown,,242.12,1776531877701.49
7,e,KeyUp,78.45,,1776531877779.93
7,BackSpace,KeyDown,,388.53,1776531878168.46
7,BackSpace,KeyUp,69.45,,1776531878237.91
7,d,KeyDown,,22.8,1776531878260.71
7,e,KeyDown,,132.63,1776531878370.54
7,d,KeyUp,164.1,,1776531878424.81
7,e,KeyUp,109.02,,1776531878479.56
7,n,KeyDown,,51.91,1776531878531.47
7,n,KeyUp,70.72,,1776531878602.19
7,space,KeyDown,,357.98,1776531878960.17
7,space,KeyUp,69.03,,1776531879029.21
7,minus,KeyUp,5845.96,,1776531879502.74
7,Shift_L,KeyDown,,21.88,1776531879524.63
7,Shift_L,KeyUp,324.25,,1776531879848.88
7,o,KeyDown,,42.25,1776531879891.57
7,o,KeyUp,71.26,,1776531879962.83
7,m,KeyDown,,137.46,1776531880100.28
7,m,KeyUp,63.21,,1776531880163.49
7,m,KeyDown,,102.8,1776531880266.29
7,a,KeyDown,,146.91,1776531880310.4
7,m,KeyUp,61.05,,1776531880327.35
7,a,KeyUp,77.46,,1776531880387.87
7,n,KeyDown,,47.04,1776531880434.91
7,n,KeyUp,71.44,,1776531880506.35
7,d,KeyDown,,22.39,1776531880528.74
7,d,KeyUp,70.43,,1776531880599.17
7,space,KeyDown,,143.75,1776531880742.92
7,space,KeyUp,54.04,,1776531880796.96
7,Shift_L,KeyDown,,597.72,1776531881394.68
7,Shift_L,KeyUp,292.93,,1776531881687.61
7,Shift_L,KeyDown,,72.9,1776531881786.21
7,I,KeyDown,,1188.4,1776531882901.7
7,I,KeyUp,62.14,,1776531882963.84
7,Shift_L,KeyUp,1268.8,,1776531883055.0
7,n,KeyDown,,460.65,1776531883515.65
7,n,KeyUp,77.73,,1776531883593.38
7,v,KeyDown,,258.02,1776531883851.41
7,v,KeyUp,62.04,,1776531883913.45
7,o,KeyDown,,57.49,1776531883970.93
7,o,KeyUp,70.37,,1776531884041.3
7,k,KeyDown,,123.87,1776531884165.17
7,k,KeyUp,76.19,,1776531884241.36
7,e,KeyDown,,0.15,1776531884241.52
7,e,KeyUp,68.56,,1776531884310.07
7,0,KeyDown,,746.43,1776531885056.51
7,0,KeyUp,78.33,,1776531885134.83
7,BackSpace,KeyDown,,243.25,1776531885378.09
7,BackSpace,KeyUp,70.58,,1776531885448.66
7,minus,KeyDown,,133.89,1776531885582.55
7,minus,KeyUp,61.73,,1776531885644.28
7,Shift_L,KeyDown,,44.81,1776531885689.09
7,W,KeyUp,12135.4,,1776531886038.79
7,Shift_L,KeyUp,376.7,,1776531886065.8
7,e,KeyDown,,243.03,1776531886308.83
7,e,KeyUp,85.99,,1776531886394.82
7,b,KeyDown,,452.41,1776531886847.24
7,b,KeyUp,61.98,,1776531886909.21
7,Shift_L,KeyDown,,44.82,1776531886954.04
7,Shift_L,KeyUp,219.6,,1776531887173.63
7,e,KeyDown,,0.14,1776531887253.98
7,e,KeyUp,108.44,,1776531887362.42
7,q,KeyDown,,141.02,1776531887503.44
7,q,KeyUp,77.86,,1776531887581.3
7,u,KeyDown,,113.94,1776531887695.24
7,u,KeyUp,76.92,,1776531887772.15
7,e,KeyDown,,22.67,1776531887794.82
7,e,KeyUp,69.07,,1776531887863.88
7,s,KeyDown,,93.13,1776531887957.01
7,s,KeyUp,108.88,,1776531888065.89
7,t,KeyDown,,73.48,1776531888139.37
7,t,KeyUp,85.57,,1776531888224.93
7,Shift_L,KeyDown,,235.8,1776531888460.73
7,Shift_L,KeyUp,329.02,,1776531888789.75
7,Return,KeyDown,,383.01,1776531889173.27
7,Return,KeyUp,70.5,,1776531889243.77
8,p,KeyDown,,0,1776531890814.34
8,p,KeyUp,86.36,,1776531890900.71
8,o,KeyDown,,88.0,1776531890988.71
8,o,KeyUp,82.83,,1776531891071.54
8,w,KeyDown,,0.23,1776531891071.77
8,w,KeyUp,61.81,,1776531891133.58
8,e,KeyDown,,128.58,1776531891262.16
8,r,KeyDown,,263.32,1776531891396.9
8,e,KeyUp,156.29,,1776531891418.46
8,r,KeyUp,61.07,,1776531891457.97
8,s,KeyDown,,166.39,1776531891624.36
8,s,KeyUp,86.15,,1776531891710.51
8,h,KeyDown,,22.57,1776531891733.08
8,h,KeyUp,70.23,,1776531891803.31
8,e,KeyDown,,85.69,1776531891889.0
8,e,KeyUp,61.75,,1776531891950.75
8,l,KeyDown,,131.27,1776531892082.02
8,l,KeyUp,70.04,,1776531892152.06
8,l,KeyDown,,89.26,1776531892241.32
8,l,KeyUp,85.71,,1776531892327.02
8,space,KeyDown,,91.69,1776531892418.71
8,space,KeyUp,93.93,,1776531892512.64
8,minus,KeyDown,,274.39,1776531892787.02
8,minus,KeyUp,60.63,,1776531892847.65
8,space,KeyDown,,86.13,1776531892933.78
8,space,KeyUp,94.34,,1776531893028.12
8,BackSpace,KeyDown,,443.61,1776531893471.73
8,BackSpace,KeyUp,62.6,,1776531893534.33
8,Shift_L,KeyDown,,115.07,1776531893649.41
8,W,KeyDown,,401.67,1776531893936.0
8,W,KeyUp,92.45,,1776531894028.45
8,Shift_L,KeyUp,408.17,,1776531894057.58
8,i,KeyDown,,40.53,1776531894098.11
8,i,KeyUp,78.64,,1776531894176.75
8,n,KeyDown,,119.13,1776531894295.88
8,n,KeyUp,71.02,,1776531894366.9
8,d,KeyDown,,40.07,1776531894406.98
8,d,KeyUp,71.53,,1776531894478.5
8,o,KeyDown,,151.7,1776531894630.2
8,o,KeyUp,45.39,,1776531894675.6
8,w,KeyDown,,0.13,1776531894675.72
8,w,KeyUp,67.56,,1776531894743.28
8,Shift_L,KeyDown,,634.24,1776531895377.52
8,Shift_L,KeyUp,244.55,,1776531895622.07
8,t,KeyDown,,132.51,1776531895754.72
8,t,KeyUp,69.93,,1776531895824.65
8,y,KeyDown,,64.54,1776531895889.2
8,y,KeyUp,70.14,,1776531895959.34
8,l,KeyDown,,199.37,1776531896158.72
8,l,KeyUp,78.17,,1776531896236.88
8,e,KeyDown,,41.63,1776531896278.52
8,e,KeyUp,70.34,,1776531896348.86
8,space,KeyDown,,719.54,1776531897068.4
8,space,KeyUp,93.88,,1776531897162.28
8,Shift_L,KeyDown,,287.38,1776531897449.66
8,H,KeyDown,,480.36,1776531897642.64
8,Shift_L,KeyUp,275.49,,1776531897725.15
8,i,KeyDown,,105.58,1776531897830.84
8,i,KeyUp,77.53,,1776531897908.37
8,d,KeyDown,,47.95,1776531897956.33
8,d,KeyUp,70.36,,1776531898026.69
8,d,KeyDown,,107.74,1776531898134.42
8,d,KeyUp,92.97,,1776531898227.4
8,e,KeyDown,,105.14,1776531898332.53
8,e,KeyUp,76.07,,1776531898408.6
8,n,KeyDown,,129.34,1776531898537.94
8,n,KeyUp,69.05,,1776531898606.99
8,space,KeyDown,,546.32,1776531899153.32
8,space,KeyUp,69.86,,1776531899223.17
8,Shift_L,KeyDown,,114.52,1776531899337.7
8,Shift_L,KeyUp,109.26,,1776531899446.95
8,minus,KeyDown,,221.4,1776531899668.35
8,minus,KeyUp,78.25,,1776531899746.61
8,Shift_L,KeyDown,,36.64,1776531899783.25
8,Shift_L,KeyUp,460.06,,1776531900243.31
8,o,KeyDown,,246.88,1776531900490.43
8,o,KeyUp,78.35,,1776531900568.78
8,m,KeyDown,,152.06,1776531900720.84
8,m,KeyUp,77.73,,1776531900798.57
8,m,KeyDown,,92.07,1776531900890.64
8,m,KeyUp,76.71,,1776531900967.35
8,a,KeyDown,,0.17,1776531900967.52
8,a,KeyUp,76.07,,1776531901043.59
8,n,KeyDown,,40.74,1776531901084.33
8,n,KeyUp,70.29,,1776531901154.62
8,d,KeyDown,,29.12,1776531901183.74
8,d,KeyUp,68.07,,1776531901251.81
8,space,KeyDown,,386.85,1776531901638.67
8,space,KeyUp,62.35,,1776531901701.01
8,Shift_L,KeyDown,,379.29,1776531902080.3
8,Shift_L,KeyUp,250.81,,1776531902331.11
8,Shift_L,KeyDown,,95.06,1776531902426.31
8,I,KeyDown,,240.81,1776531902572.06
8,I,KeyUp,70.27,,1776531902642.33
8,Shift_L,KeyUp,282.7,,1776531902709.0
8,n,KeyDown,,68.8,1776531902777.8
8,n,KeyUp,68.67,,1776531902846.47
8,v,KeyDown,,522.79,1776531903369.26
8,v,KeyUp,53.89,,1776531903423.14
8,o,KeyDown,,69.42,1776531903492.56
8,o,KeyUp,70.47,,1776531903563.03
8,k,KeyDown,,143.48,1776531903706.51
8,k,KeyUp,69.5,,1776531903776.01
8,e,KeyDown,,59.99,1776531903836.0
8,e,KeyUp,62.03,,1776531903898.03
8,minus,KeyDown,,572.67,1776531904470.7
8,minus,KeyUp,77.77,,1776531904548.48
8,Shift_L,KeyDown,,161.76,1776531904710.23
8,W,KeyDown,,882.97,1776531905431.45
8,W,KeyUp,93.57,,1776531905525.02
8,Shift_L,KeyUp,883.8,,1776531905594.03
8,e,KeyDown,,94.0,1776531905688.04
8,e,KeyUp,84.58,,1776531905772.62
8,b,KeyDown,,59.01,1776531905831.63
8,b,KeyUp,62.35,,1776531905893.97
8,Shift_L,KeyDown,,156.0,1776531906049.97
8,Shift_L,KeyUp,234.45,,1776531906284.42
8,e,KeyDown,,17.15,1776531906301.58
8,e,KeyUp,116.79,,1776531906418.37
8,q,KeyDown,,354.09,1776531906772.46
8,q,KeyUp,101.47,,1776531906873.94
8,u,KeyDown,,120.66,1776531906994.6
8,u,KeyUp,69.39,,1776531907063.99
8,e,KeyDown,,22.95,1776531907086.94
8,e,KeyUp,70.51,,1776531907157.45
8,s,KeyDown,,104.76,1776531907262.21
8,s,KeyUp,85.88,,1776531907348.1
8,t,KeyDown,,87.4,1776531907435.49
8,t,KeyUp,77.07,,1776531907512.56
8,Shift_L,KeyDown,,149.33,1776531907661.89
8,quotedbl,KeyUp,45415.84,,1776531908051.34
8,Shift_L,KeyUp,415.5,,1776531908077.4
8,Return,KeyDown,,231.16,1776531908308.55
8,Return,KeyUp,78.21,,1776531908386.76
9,Shift_L,KeyDown,,0,1776531910436.24
9,Shift_L,KeyUp,205.03,,1776531910641.27
9,p,KeyDown,,174.61,1776531910815.89
9,p,KeyUp,78.97,,1776531910894.86
9,o,KeyDown,,96.38,1776531910991.25
9,o,KeyUp,71.04,,1776531911062.29
9,w,KeyDown,,21.12,1776531911083.4
9,w,KeyUp,69.44,,1776531911152.85
9,e,KeyDown,,125.28,1776531911278.13
9,r,KeyDown,,251.19,1776531911404.04
9,e,KeyUp,171.54,,1776531911449.67
9,r,KeyUp,100.76,,1776531911504.8
9,s,KeyDown,,246.09,1776531911750.89
9,s,KeyUp,77.68,,1776531911828.57
9,h,KeyDown,,72.03,1776531911900.6
9,h,KeyUp,69.4,,1776531911970.0
9,e,KeyDown,,67.03,1776531912037.03
9,e,KeyUp,69.51,,1776531912106.54
9,l,KeyDown,,83.06,1776531912189.6
9,l,KeyUp,69.71,,1776531912259.31
9,l,KeyDown,,75.27,1776531912334.58
9,l,KeyUp,69.39,,1776531912403.98
9,space,KeyDown,,52.63,1776531912456.6
9,space,KeyUp,101.69,,1776531912558.29
9,minus,KeyDown,,75.84,1776531912634.14
9,minus,KeyUp,63.82,,1776531912697.96
9,space,KeyDown,,17.26,1776531912715.22
9,space,KeyUp,78.11,,1776531912793.33
9,BackSpace,KeyDown,,531.43,1776531913324.76
9,BackSpace,KeyUp,78.81,,1776531913403.57
9,Shift_L,KeyDown,,199.39,1776531913602.96
9,W,KeyDown,,349.74,1776531913753.31
9,Shift_L,KeyUp,276.48,,1776531913879.45
9,i,KeyDown,,35.5,1776531913915.13
9,i,KeyUp,79.06,,1776531913994.19
9,n,KeyDown,,114.16,1776531914108.35
9,n,KeyUp,69.77,,1776531914178.12
9,d,KeyDown,,30.56,1776531914208.69
9,d,KeyUp,78.32,,1776531914287.0
9,o,KeyDown,,69.96,1776531914356.96
9,o,KeyUp,74.71,,1776531914431.66
9,w,KeyDown,,0.51,1776531914432.17
9,w,KeyUp,69.26,,1776531914501.43
9,Shift_L,KeyDown,,188.58,1776531914690.02
9,Shift_L,KeyUp,221.5,,1776531914911.52
9,t,KeyDown,,145.48,1776531915057.3
9,t,KeyUp,78.22,,1776531915135.51
9,y,KeyDown,,32.3,1776531915167.81
9,y,KeyUp,70.26,,1776531915238.07
9,l,KeyDown,,189.73,1776531915427.8
9,l,KeyUp,78.6,,1776531915506.4
9,e,KeyDown,,21.59,1776531915528.0
9,e,KeyUp,78.27,,1776531915606.26
9,space,KeyDown,,544.95,1776531916151.21
9,space,KeyUp,77.16,,1776531916228.37
9,Shift_L,KeyDown,,167.95,1776531916396.31
9,H,KeyUp,18953.08,,1776531916595.72
9,Shift_L,KeyUp,227.42,,1776531916623.74
9,i,KeyDown,,75.23,1776531916698.96
9,i,KeyUp,69.73,,1776531916768.7
9,d,KeyDown,,58.88,1776531916827.58
9,d,KeyUp,62.62,,1776531916890.2
9,d,KeyDown,,78.63,1776531916968.83
9,e,KeyDown,,246.31,1776531917136.51
9,d,KeyUp,196.93,,1776531917165.76
9,e,KeyUp,75.48,,1776531917211.99
9,n,KeyDown,,71.53,1776531917283.52
9,n,KeyUp,70.39,,1776531917353.91
9,space,KeyDown,,200.68,1776531917554.59
9,space,KeyUp,85.29,,1776531917639.88
9,minus,KeyDown,,724.75,1776531918364.63
9,minus,KeyUp,71.01,,1776531918435.64
9,Shift_L,KeyDown,,32.42,1776531918468.06
9,Shift_L,KeyUp,322.82,,1776531918790.88
9,o,KeyDown,,29.84,1776531918845.38
9,o,KeyUp,78.21,,1776531918923.59
9,m,KeyDown,,177.97,1776531919101.56
9,m,KeyUp,61.67,,1776531919163.22
9,m,KeyDown,,110.88,1776531919274.11
9,a,KeyDown,,131.91,1776531919295.14
9,m,KeyUp,61.61,,1776531919335.72
9,a,KeyUp,77.24,,1776531919372.38
9,n,KeyDown,,79.72,1776531919452.1
9,n,KeyUp,69.73,,1776531919521.83
9,d,KeyDown,,31.92,1776531919553.74
9,d,KeyUp,69.63,,1776531919623.37
9,space,KeyDown,,917.74,1776531920541.11
9,space,KeyUp,62.28,,1776531920603.39
9,Shift_L,KeyDown,,221.41,1776531920824.8
9,quotedbl,KeyDown,,375.51,1776531920978.9
9,Shift_L,KeyUp,212.44,,1776531921037.24
9,Shift_L,KeyDown,,91.19,1776531921147.7
9,I,KeyDown,,226.99,1776531921283.5
9,I,KeyUp,77.85,,1776531921361.34
9,Shift_L,KeyUp,265.8,,1776531921413.5
9,n,KeyDown,,123.84,1776531921537.34
9,n,KeyUp,67.71,,1776531921605.05
9,v,KeyDown,,246.01,1776531921851.06
9,v,KeyUp,61.67,,1776531921912.73
9,o,KeyDown,,34.16,1776531921946.89
9,o,KeyUp,69.48,,1776531922016.37
9,k,KeyDown,,131.32,1776531922147.69
9,k,KeyUp,84.64,,1776531922232.33
9,e,KeyDown,,0.31,1776531922232.64
9,e,KeyUp,67.96,,1776531922300.6
9,minus,KeyDown,,273.65,1776531922574.25
9,minus,KeyUp,77.92,,1776531922652.17
9,Shift_L,KeyDown,,456.75,1776531923108.93
9,Shift_L,KeyUp,300.26,,1776531923409.19
9,e,KeyDown,,129.61,1776531923538.98
9,e,KeyUp,91.51,,1776531923630.49
9,b,KeyDown,,57.32,1776531923687.81
9,b,KeyUp,77.54,,1776531923765.34
9,r,KeyDown,,930.34,1776531924695.69
9,e,KeyDown,,1033.38,1776531924798.72
9,r,KeyUp,132.21,,1776531924827.9
9,e,KeyUp,99.37,,1776531924898.09
9,BackSpace,KeyDown,,380.64,1776531925278.73
9,BackSpace,KeyUp,61.58,,1776531925340.31
9,BackSpace,KeyDown,,79.01,1776531925419.31
9,Shift_L,KeyDown,,96.73,1776531925437.04
9,BackSpace,KeyUp,78.42,,1776531925497.74
9,Shift_L,KeyUp,195.73,,1776531925632.76
9,e,KeyDown,,0.38,1776531925706.7
9,e,KeyUp,20.05,,1776531925726.74
9,q,KeyDown,,790.27,1776531926517.01
9,q,KeyUp,72.61,,1776531926589.63
9,e,KeyDown,,349.81,1776531926939.43
9,e,KeyUp,62.21,,1776531927001.64
9,s,KeyDown,,136.92,1776531927138.56
9,s,KeyUp,78.2,,1776531927216.76
9,t,KeyDown,,113.84,1776531927330.6
9,t,KeyUp,62.71,,1776531927393.31
9,Shift_L,KeyDown,,210.77,1776531927604.08
9,Shift_L,KeyUp,329.76,,1776531927933.84
9,BackSpace,KeyDown,,190.48,1776531928124.32
9,BackSpace,KeyUp,45.92,,1776531928170.24
9,BackSpace,KeyDown,,106.69,1776531928276.93
9,BackSpace,KeyUp,77.88,,1776531928354.81
9,BackSpace,KeyDown,,310.27,1776531928665.08
9,BackSpace,KeyUp,69.86,,1776531928734.94
9,u,KeyDown,,446.65,1776531929181.59
9,u,KeyUp,83.44,,1776531929265.03
9,s,KeyDown,,0.27,1776531929265.3
9,s,KeyUp,85.76,,1776531929351.06
9,BackSpace,KeyDown,,212.71,1776531929563.77
9,BackSpace,KeyUp,93.46,,1776531929657.23
9,e,KeyDown,,65.19,1776531929722.42
9,e,KeyUp,78.14,,1776531929800.56
9,s,KeyDown,,124.89,1776531929925.45
9,s,KeyUp,85.5,,1776531930010.95
9,t,KeyDown,,228.61,1776531930239.56
9,t,KeyUp,95.26,,1776531930334.82
9,Shift_L,KeyDown,,346.07,1776531930680.89
9,quotedbl,KeyUp,10004.82,,1776531930983.71
9,Shift_L,KeyUp,377.7,,1776531931058.59
9,Return,KeyDown,,2162.87,1776531933221.46
9,Return,KeyUp,45.34,,1776531933266.8
10,p,KeyDown,,0,1776531935528.49
10,p,KeyUp,71.4,,1776531935599.89
10,o,KeyDown,,91.1,1776531935690.99
10,o,KeyUp,85.39,,1776531935776.38
10,w,KeyDown,,0.23,1776531935776.61
10,w,KeyUp,58.73,,1776531935835.34
10,e,KeyDown,,128.43,1776531935963.77
10,r,KeyDown,,231.71,1776531936067.06
10,e,KeyUp,140.63,,1776531936104.4
10,r,KeyUp,108.73,,1776531936175.79
10,s,KeyDown,,545.11,1776531936720.9
10,s,KeyUp,118.74,,1776531936839.64
10,h,KeyDown,,47.2,1776531936886.84
10,h,KeyUp,76.99,,1776531936963.83
10,e,KeyDown,,49.61,1776531937013.45
10,e,KeyUp,63.14,,1776531937076.58
10,l,KeyDown,,177.24,1776531937253.82
10,l,KeyUp,78.85,,1776531937332.68
10,l,KeyDown,,76.57,1776531937409.24
10,l,KeyUp,86.23,,1776531937495.47
10,space,KeyDown,,167.88,1776531937663.35
10,space,KeyUp,125.43,,1776531937788.78
10,minus,KeyDown,,31.46,1776531937820.24
10,minus,KeyUp,102.11,,1776531937922.35
10,space,KeyDown,,50.67,1776531937973.02
10,space,KeyUp,101.98,,1776531938075.0
10,Shift_L,KeyDown,,101.83,1776531938176.82
10,Shift_L,KeyUp,228.37,,1776531938405.19
10,i,KeyDown,,31.9,1776531938437.46
10,i,KeyUp,78.71,,1776531938516.17
10,BackSpace,KeyDown,,308.62,1776531938824.79
10,BackSpace,KeyUp,61.92,,1776531938886.71
10,BackSpace,KeyDown,,101.1,1776531938987.81
10,BackSpace,KeyUp,46.6,,1776531939034.42
10,BackSpace,KeyDown,,77.15,1776531939111.57
10,BackSpace,KeyUp,69.68,,1776531939181.25
10,Shift_L,KeyDown,,20.21,1776531939201.45
10,Shift_L,KeyUp,327.09,,1776531939528.54
10,i,KeyDown,,0.21,1776531939528.75
10,i,KeyUp,51.63,,1776531939580.38
10,n,KeyDown,,164.09,1776531939744.47
10,n,KeyUp,77.24,,1776531939821.71
10,d,KeyDown,,75.36,1776531939897.07
10,d,KeyUp,85.01,,1776531939982.08
10,o,KeyDown,,42.82,1776531940024.91
10,o,KeyUp,86.0,,1776531940110.9
10,w,KeyDown,,1.55,1776531940112.45
10,w,KeyUp,65.16,,1776531940177.61
10,Shift_L,KeyDown,,346.15,1776531940523.76
10,S,KeyUp,65537.85,,1776531940769.04
10,Shift_L,KeyUp,281.81,,1776531940805.57
10,t,KeyDown,,78.71,1776531940884.28
10,t,KeyUp,84.85,,1776531940969.14
10,y,KeyDown,,86.81,1776531941055.95
10,y,KeyUp,69.69,,1776531941125.64
10,l,KeyDown,,183.28,1776531941308.92
10,l,KeyUp,99.66,,1776531941408.59
10,e,KeyDown,,0.28,1776531941408.87
10,e,KeyUp,92.97,,1776531941501.85
10,space,KeyDown,,841.21,1776531942343.05
10,space,KeyUp,102.6,,1776531942445.65
10,Shift_L,KeyDown,,64.21,1776531942509.86
10,H,KeyDown,,183.77,1776531942629.42
10,Shift_L,KeyUp,202.53,,1776531942712.39
10,i,KeyDown,,90.85,1776531942803.35
10,i,KeyUp,70.46,,1776531942873.8
10,d,KeyDown,,51.49,1776531942925.29
10,d,KeyUp,63.36,,1776531942988.65
10,d,KeyDown,,91.68,1776531943080.34
10,e,KeyDown,,273.31,1776531943261.96
10,d,KeyUp,235.58,,1776531943315.91
10,e,KeyUp,101.11,,1776531943363.08
10,n,KeyDown,,259.15,1776531943622.23
10,n,KeyUp,70.42,,1776531943692.64
10,space,KeyDown,,494.73,1776531944187.38
10,space,KeyUp,69.65,,1776531944257.03
10,minus,KeyDown,,455.66,1776531944712.69
10,minus,KeyUp,69.68,,1776531944782.37
10,Shift_L,KeyDown,,35.04,1776531944817.41
10,Shift_L,KeyUp,283.27,,1776531945100.68
10,o,KeyDown,,22.88,1776531945156.71
10,o,KeyUp,70.5,,1776531945227.21
10,m,KeyDown,,205.84,1776531945433.05
10,m,KeyUp,70.01,,1776531945503.07
10,m,KeyDown,,128.6,1776531945631.67
10,m,KeyUp,69.9,,1776531945701.56
10,a,KeyDown,,0.23,1776531945701.79
10,a,KeyUp,75.85,,1776531945777.65
10,n,KeyDown,,38.4,1776531945816.05
10,n,KeyUp,76.04,,1776531945892.09
10,d,KeyDown,,0.18,1776531945892.27
10,d,KeyUp,77.44,,1776531945969.71
10,space,KeyDown,,486.85,1776531946456.55
10,space,KeyUp,70.34,,1776531946526.9
10,Shift_L,KeyDown,,431.45,1776531946958.35
10,quotedbl,KeyDown,,695.89,1776531947222.78
10,Shift_L,KeyUp,359.46,,1776531947317.8
10,Shift_L,KeyDown,,97.07,1776531947415.14
10,I,KeyDown,,291.81,1776531947609.87
10,I,KeyUp,67.92,,1776531947677.79
10,Shift_L,KeyUp,362.04,,1776531947777.18
10,n,KeyDown,,80.29,1776531947857.47
10,n,KeyUp,70.79,,1776531947928.26
10,v,KeyDown,,159.3,1776531948087.56
10,v,KeyUp,54.28,,1776531948141.84
10,o,KeyDown,,43.22,1776531948185.06
10,o,KeyUp,72.78,,1776531948257.84
10,k,KeyDown,,131.49,1776531948389.33
10,k,KeyUp,86.12,,1776531948475.45
10,e,KeyDown,,1.27,1776531948476.72
10,e,KeyUp,67.33,,1776531948544.04
10,minus,KeyDown,,689.53,1776531949233.58
10,minus,KeyUp,70.45,,1776531949304.03
10,Shift_L,KeyDown,,422.18,1776531949726.21
10,Shift_L,KeyUp,354.28,,1776531950080.49
10,e,KeyDown,,158.86,1776531950239.35
10,e,KeyUp,123.02,,1776531950362.37
10,b,KeyDown,,90.63,1776531950453.0
10,b,KeyUp,70.25,,1776531950523.25
10,Shift_L,KeyDown,,104.42,1776531950627.67
10,Shift_L,KeyUp,251.9,,1776531950879.57
10,BackSpace,KeyDown,,114.36,1776531950993.93
10,BackSpace,KeyUp,62.76,,1776531951056.69
10,BackSpace,KeyDown,,96.39,1776531951153.08
10,Shift_L,KeyDown,,131.08,1776531951187.76
10,BackSpace,KeyUp,53.67,,1776531951206.75
10,W,KeyUp,37686.03,,1776531951439.34
10,Shift_L,KeyUp,305.14,,1776531951492.91
10,e,KeyDown,,188.68,1776531951681.59
10,e,KeyUp,77.98,,1776531951759.56
10,b,KeyDown,,47.98,1776531951807.55
10,b,KeyUp,70.1,,1776531951877.65
10,Shift_L,KeyDown,,273.92,1776531952151.57
10,Shift_L,KeyUp,227.29,,1776531952378.86
10,e,KeyDown,,49.49,1776531952428.35
10,e,KeyUp,91.82,,1776531952520.17
10,q,KeyDown,,343.7,1776531952863.87
10,q,KeyUp,101.62,,1776531952965.49
10,u,KeyDown,,165.72,1776531953131.21
10,u,KeyUp,69.94,,1776531953201.15
10,e,KeyDown,,36.4,1776531953237.55
10,e,KeyUp,69.91,,1776531953307.45
10,s,KeyDown,,109.58,1776531953417.03
10,s,KeyUp,93.73,,1776531953510.77
10,t,KeyDown,,83.47,1776531953594.24
10,t,KeyUp,85.7,,1776531953679.94
10,Shift_L,KeyDown,,202.33,1776531953882.27
10,quotedbl,KeyUp,7113.63,,1776531954336.41
10,Shift_L,KeyUp,503.4,,1776531954385.67
10,Return,KeyDown,,725.64,1776531955111.31
10,Return,KeyUp,70.64,,1776531955181.96
